geo_label,geo_type,n_stores,n_stores_source,population_people,population_k,population_source,population_source_file,population_source_url,population_as_of,population_provenance,rosstat_terson_mo,rosstat_mo_name,urban_people,rural_people,geocode_query,lat,lon,geocode_display_name,geocode_source,weather_station_id,weather_station_name,weather_station_country,weather_station_region,weather_station_distance_m,weather_daily_coverage_days,weather_station_source,weather_source_type,station_selection_rule,reference_status
АКСАЙ,city,31.0,media_mapping_dwh_store_cnt,49004,49.004,"Росстат 2025, муниципальные образования",/Users/aleksan.korenkov/Work/01_ML_projects/03_ML_MMM/00_Data/00_Data_final_for_MMM_v2/01_Raw_Data_v2/rosstat_chisl_mo_01-01-2025.xlsx,https://rosstat.gov.ru/storage/mediabank/Сhisl_MO_01-01-2025.xlsx,2025-01-01,official_rosstat_municipal_2025,606021010011000,г Аксай,49004.0,0.0,"Аксай, Россия",47.268696,39.861362,"Аксай, Аксайское городское поселение, Аксайский район, Ростовская область, Южный федеральный округ, Россия",Nominatim/OpenStreetMap,34731,Rostov-Na-Donu,RU,ROS,3377.2,516.0,Meteostat nearest/coverage search,station_observations,nearest_station_with_min_coverage_days,ok_exact_v2_reference
АЛЕКСАНДРОВ,city,22.0,old_project_population_reference,56000,56.0,Росстат 2024,/Users/aleksan.korenkov/Work/01_ML_projects/03_ML_MMM/00_Data/00_Data_final_for_MMM/01_Raw_Data/population_geo_rosstat_for_MMM.xlsx,,2024-01-01/old_project_reference,old_project_rosstat_reference,,,,,,,,,,,,,,,,old_weather_reference_available,old_weather_features_parquet,old_weather_geo_exact_available,ok_old_project_reference
АЛТАЙСКИЙ КРАЙ,region,279.0,old_project_population_reference,2268000,2268.0,Росстат 2024,/Users/aleksan.korenkov/Work/01_ML_projects/03_ML_MMM/00_Data/00_Data_final_for_MMM/01_Raw_Data/population_geo_rosstat_for_MMM.xlsx,,2024-01-01/old_project_reference,old_project_rosstat_reference,,,,,,,,,,,,,,,,old_weather_reference_available,old_weather_features_parquet,old_weather_geo_exact_available,ok_old_project_reference
АЛЬМЕТЬЕВСК,city,71.0,media_mapping_dwh_store_cnt,164293,164.293,"Росстат 2025, муниципальные образования",/Users/aleksan.korenkov/Work/01_ML_projects/03_ML_MMM/00_Data/00_Data_final_for_MMM_v2/01_Raw_Data_v2/rosstat_chisl_mo_01-01-2025.xlsx,https://rosstat.gov.ru/storage/mediabank/Сhisl_MO_01-01-2025.xlsx,2025-01-01,official_rosstat_municipal_2025,926081010011003,г Альметьевск,164293.0,0.0,"Альметьевск, Россия",54.9005008,52.2963777,"городское поселение Альметьевск, Альметьевский район, Татарстан, Приволжский федеральный округ, Россия",Nominatim/OpenStreetMap,28711,Bugul'Ma,RU,TA,47844.0,513.0,Meteostat nearest/coverage search,station_observations,nearest_station_with_min_coverage_days,ok_exact_v2_reference
АНАПА,city,75.0,media_mapping_dwh_store_cnt,84804,84.804,"Росстат 2025, муниципальные образования",/Users/aleksan.korenkov/Work/01_ML_projects/03_ML_MMM/00_Data/00_Data_final_for_MMM_v2/01_Raw_Data_v2/rosstat_chisl_mo_01-01-2025.xlsx,https://rosstat.gov.ru/storage/mediabank/Сhisl_MO_01-01-2025.xlsx,2025-01-01,official_rosstat_municipal_2025,35010000011000,г Анапа,84804.0,0.0,"Анапа, Россия",44.894272,37.316887,"Анапа, муниципальный округ Анапа, Краснодарский край, Южный федеральный округ, Россия",Nominatim/OpenStreetMap,37001,Anapa,RU,,2913.7,506.0,Meteostat nearest/coverage search,station_observations,nearest_station_with_min_coverage_days,ok_exact_v2_reference
АПАТИТЫ,city,27.0,old_project_population_reference,52000,52.0,Росстат 2024,/Users/aleksan.korenkov/Work/01_ML_projects/03_ML_MMM/00_Data/00_Data_final_for_MMM/01_Raw_Data/population_geo_rosstat_for_MMM.xlsx,,2024-01-01/old_project_reference,old_project_rosstat_reference,,,,,,,,,,,,,,,,old_weather_reference_available,old_weather_features_parquet,old_weather_geo_exact_available,ok_old_project_reference
АРМАВИР,city,42.0,old_project_population_reference,191000,191.0,Росстат 2024,/Users/aleksan.korenkov/Work/01_ML_projects/03_ML_MMM/00_Data/00_Data_final_for_MMM/01_Raw_Data/population_geo_rosstat_for_MMM.xlsx,,2024-01-01/old_project_reference,old_project_rosstat_reference,,,,,,,,,,,,,,,,old_weather_reference_available,old_weather_features_parquet,old_weather_geo_exact_available,ok_old_project_reference
АРСЕНЬЕВ,city,8.0,media_mapping_dwh_store_cnt,46543,46.543,"Росстат 2025, муниципальные образования",/Users/aleksan.korenkov/Work/01_ML_projects/03_ML_MMM/00_Data/00_Data_final_for_MMM_v2/01_Raw_Data_v2/rosstat_chisl_mo_01-01-2025.xlsx,https://rosstat.gov.ru/storage/mediabank/Сhisl_MO_01-01-2025.xlsx,2025-01-01,official_rosstat_municipal_2025,057030000011000,г Арсеньев,46543.0,0.0,"Арсеньев, Россия",44.1644451,133.2704255,"Арсеньев, Арсеньевский городской округ, Приморский край, Дальневосточный федеральный округ, Россия",Nominatim/OpenStreetMap,31981,Anucino,RU,PRI,27357.5,513.0,Meteostat nearest/coverage search,station_observations,nearest_station_with_min_coverage_days,ok_exact_v2_reference
АРТЕМ,city,10.0,media_mapping_dwh_store_cnt,108274,108.274,"Росстат 2025, муниципальные образования",/Users/aleksan.korenkov/Work/01_ML_projects/03_ML_MMM/00_Data/00_Data_final_for_MMM_v2/01_Raw_Data_v2/rosstat_chisl_mo_01-01-2025.xlsx,https://rosstat.gov.ru/storage/mediabank/Сhisl_MO_01-01-2025.xlsx,2025-01-01,official_rosstat_municipal_2025,057050000011002,г Артем,108274.0,0.0,"Артем, Россия",43.3529909,132.1800977,"Артём, Артёмовский городской округ, Приморский край, Дальневосточный федеральный округ, 692700, Россия",Nominatim/OpenStreetMap,31960,Vladivostok,RU,PRI,33016.3,516.0,Meteostat nearest/coverage search,station_observations,nearest_station_with_min_coverage_days,ok_exact_v2_reference
АРХАНГЕЛЬСК,city,76.0,old_project_population_reference,327000,327.0,Росстат 2024,/Users/aleksan.korenkov/Work/01_ML_projects/03_ML_MMM/00_Data/00_Data_final_for_MMM/01_Raw_Data/population_geo_rosstat_for_MMM.xlsx,,2024-01-01/old_project_reference,old_project_rosstat_reference,,,,,,,,,,,,,,,,old_weather_reference_available,old_weather_features_parquet,old_weather_geo_exact_available,ok_old_project_reference
АРХАНГЕЛЬСКАЯ ОБЛАСТЬ,region,230.0,old_project_population_reference,1053000,1053.0,Росстат 2024,/Users/aleksan.korenkov/Work/01_ML_projects/03_ML_MMM/00_Data/00_Data_final_for_MMM/01_Raw_Data/population_geo_rosstat_for_MMM.xlsx,,2024-01-01/old_project_reference,old_project_rosstat_reference,,,,,,,,,,,,,,,,old_weather_reference_available,old_weather_features_parquet,old_weather_geo_exact_available,ok_old_project_reference
АСТРАХАНСКАЯ ОБЛАСТЬ,region,264.0,old_project_population_reference,988000,988.0,Росстат 2024,/Users/aleksan.korenkov/Work/01_ML_projects/03_ML_MMM/00_Data/00_Data_final_for_MMM/01_Raw_Data/population_geo_rosstat_for_MMM.xlsx,,2024-01-01/old_project_reference,old_project_rosstat_reference,,,,,,,,,,,,,,,,old_weather_reference_available,old_weather_features_parquet,old_weather_geo_exact_available,ok_old_project_reference
АСТРАХАНЬ,city,147.0,old_project_population_reference,502000,502.0,Росстат 2024,/Users/aleksan.korenkov/Work/01_ML_projects/03_ML_MMM/00_Data/00_Data_final_for_MMM/01_Raw_Data/population_geo_rosstat_for_MMM.xlsx,,2024-01-01/old_project_reference,old_project_rosstat_reference,,,,,,,,,,,,,,,,old_weather_reference_available,old_weather_features_parquet,old_weather_geo_exact_available,ok_old_project_reference
БАЛАШИХА,city,216.0,old_project_population_reference,530000,530.0,Росстат 2024,/Users/aleksan.korenkov/Work/01_ML_projects/03_ML_MMM/00_Data/00_Data_final_for_MMM/01_Raw_Data/population_geo_rosstat_for_MMM.xlsx,,2024-01-01/old_project_reference,old_project_rosstat_reference,,,,,,,,,,,,,,,,old_weather_reference_available,old_weather_features_parquet,old_weather_geo_exact_available,ok_old_project_reference
БАРНАУЛ,city,114.0,old_project_population_reference,627000,627.0,Росстат 2024,/Users/aleksan.korenkov/Work/01_ML_projects/03_ML_MMM/00_Data/00_Data_final_for_MMM/01_Raw_Data/population_geo_rosstat_for_MMM.xlsx,,2024-01-01/old_project_reference,old_project_rosstat_reference,,,,,,,,,,,,,,,,old_weather_reference_available,old_weather_features_parquet,old_weather_geo_exact_available,ok_old_project_reference
БАТАЙСК,city,61.0,old_project_population_reference,131000,131.0,Росстат 2024,/Users/aleksan.korenkov/Work/01_ML_projects/03_ML_MMM/00_Data/00_Data_final_for_MMM/01_Raw_Data/population_geo_rosstat_for_MMM.xlsx,,2024-01-01/old_project_reference,old_project_rosstat_reference,,,,,,,,,,,,,,,,old_weather_reference_available,old_weather_features_parquet,old_weather_geo_exact_available,ok_old_project_reference
БЕЖЕЦК,city,13.0,old_project_population_reference,20000,20.0,Росстат 2024,/Users/aleksan.korenkov/Work/01_ML_projects/03_ML_MMM/00_Data/00_Data_final_for_MMM/01_Raw_Data/population_geo_rosstat_for_MMM.xlsx,,2024-01-01/old_project_reference,old_project_rosstat_reference,,,,,,,,,,,,,,,,old_weather_reference_available,old_weather_features_parquet,old_weather_geo_exact_available,ok_old_project_reference
БЕЛГОРОД,city,123.0,old_project_population_reference,393000,393.0,Росстат 2024,/Users/aleksan.korenkov/Work/01_ML_projects/03_ML_MMM/00_Data/00_Data_final_for_MMM/01_Raw_Data/population_geo_rosstat_for_MMM.xlsx,,2024-01-01/old_project_reference,old_project_rosstat_reference,,,,,,,,,,,,,,,,old_weather_reference_available,old_weather_features_parquet,old_weather_geo_exact_available,ok_old_project_reference
БЕЛГОРОДСКАЯ ОБЛАСТЬ,region,422.0,old_project_population_reference,1530000,1530.0,Росстат 2024,/Users/aleksan.korenkov/Work/01_ML_projects/03_ML_MMM/00_Data/00_Data_final_for_MMM/01_Raw_Data/population_geo_rosstat_for_MMM.xlsx,,2024-01-01/old_project_reference,old_project_rosstat_reference,,,,,,,,,,,,,,,,old_weather_reference_available,old_weather_features_parquet,old_weather_geo_exact_available,ok_old_project_reference
БЕРДСК,city,28.0,media_mapping_dwh_store_cnt,101987,101.987,"Росстат 2025, муниципальные образования",/Users/aleksan.korenkov/Work/01_ML_projects/03_ML_MMM/00_Data/00_Data_final_for_MMM_v2/01_Raw_Data_v2/rosstat_chisl_mo_01-01-2025.xlsx,https://rosstat.gov.ru/storage/mediabank/Сhisl_MO_01-01-2025.xlsx,2025-01-01,official_rosstat_municipal_2025,507080000011003,г Бердск,101987.0,0.0,"Бердск, Россия",54.75795,83.1068095,"городской округ Бердск, Новосибирская область, Сибирский федеральный округ, Россия",Nominatim/OpenStreetMap,29634,Novosibirsk,RU,NVS,38515.7,516.0,Meteostat nearest/coverage search,station_observations,nearest_station_with_min_coverage_days,ok_exact_v2_reference
БЕРЕЗОВСКИЙ,city,27.0,old_project_population_reference,66000,66.0,Росстат 2024,/Users/aleksan.korenkov/Work/01_ML_projects/03_ML_MMM/00_Data/00_Data_final_for_MMM/01_Raw_Data/population_geo_rosstat_for_MMM.xlsx,,2024-01-01/old_project_reference,old_project_rosstat_reference,,,,,,,,,,,,,,,,old_weather_reference_available,old_weather_features_parquet,old_weather_geo_exact_available,ok_old_project_reference
БИРОБИДЖАН,city,14.0,media_mapping_dwh_store_cnt,67212,67.212,"Росстат 2025, муниципальные образования",/Users/aleksan.korenkov/Work/01_ML_projects/03_ML_MMM/00_Data/00_Data_final_for_MMM_v2/01_Raw_Data_v2/rosstat_chisl_mo_01-01-2025.xlsx,https://rosstat.gov.ru/storage/mediabank/Сhisl_MO_01-01-2025.xlsx,2025-01-01,official_rosstat_municipal_2025,997010000011000,г Биробиджан,67212.0,0.0,"Биробиджан, Россия",48.79329,132.9269836,"Биробиджан, городской округ Биробиджан, Еврейская автономная область, Дальневосточный федеральный округ, Россия",Nominatim/OpenStreetMap,31713,Birobidzhan,RU,YEV,6880.6,513.0,Meteostat nearest/coverage search,station_observations,nearest_station_with_min_coverage_days,ok_exact_v2_reference
БЛАГОВЕЩЕНСК,city,28.0,media_mapping_dwh_store_cnt,239932,239.932,"Росстат 2025, муниципальные образования",/Users/aleksan.korenkov/Work/01_ML_projects/03_ML_MMM/00_Data/00_Data_final_for_MMM_v2/01_Raw_Data_v2/rosstat_chisl_mo_01-01-2025.xlsx,https://rosstat.gov.ru/storage/mediabank/Сhisl_MO_01-01-2025.xlsx,2025-01-01,official_rosstat_municipal_2025,10701000001 1 0 0 1,г Благовещенск,239932.0,0.0,"Благовещенск, Амурская область, Россия",50.2600417,127.5337378,"Благовещенск, городской округ Благовещенск, Амурская область, Дальневосточный федеральный округ, Россия",Nominatim/OpenStreetMap,31510,Blagovescensk,RU,AMU,2595.9,513.0,Meteostat nearest/coverage search,station_observations,nearest_station_with_min_coverage_days,ok_exact_v2_reference
БОЛЬШОЙ КАМЕНЬ,city,8.0,media_mapping_dwh_store_cnt,40387,40.387,"Росстат 2025, муниципальные образования",/Users/aleksan.korenkov/Work/01_ML_projects/03_ML_MMM/00_Data/00_Data_final_for_MMM_v2/01_Raw_Data_v2/rosstat_chisl_mo_01-01-2025.xlsx,https://rosstat.gov.ru/storage/mediabank/Сhisl_MO_01-01-2025.xlsx,2025-01-01,official_rosstat_municipal_2025,057060000011000,г Большой Камень,40387.0,0.0,"Большой Камень, Россия",43.1121194,132.3509104,"Большой Камень, городской округ Большой Камень, Приморский край, Дальневосточный федеральный округ, Россия",Nominatim/OpenStreetMap,31960,Vladivostok,RU,PRI,33901.7,516.0,Meteostat nearest/coverage search,station_observations,nearest_station_with_min_coverage_days,ok_exact_v2_reference
БОР,city,42.0,media_mapping_dwh_store_cnt,77024,77.024,"Росстат 2025, муниципальные образования",/Users/aleksan.korenkov/Work/01_ML_projects/03_ML_MMM/00_Data/00_Data_final_for_MMM_v2/01_Raw_Data_v2/rosstat_chisl_mo_01-01-2025.xlsx,https://rosstat.gov.ru/storage/mediabank/Сhisl_MO_01-01-2025.xlsx,2025-01-01,official_rosstat_municipal_2025,227120000011000,г Бор,77024.0,0.0,"Бор, Нижегородская область, Россия",56.3598289,44.0542641,"Бор, муниципальный округ Бор, Нижегородская область, Приволжский федеральный округ, Россия",Nominatim/OpenStreetMap,27459,Niznij Novgorod,RU,NIZ,10882.8,516.0,Meteostat nearest/coverage search,station_observations,nearest_station_with_min_coverage_days,ok_exact_v2_reference
БОРОВИЧИ,city,28.0,old_project_population_reference,48000,48.0,Росстат 2024,/Users/aleksan.korenkov/Work/01_ML_projects/03_ML_MMM/00_Data/00_Data_final_for_MMM/01_Raw_Data/population_geo_rosstat_for_MMM.xlsx,,2024-01-01/old_project_reference,old_project_rosstat_reference,,,,,,,,,,,,,,,,old_weather_reference_available,old_weather_features_parquet,old_weather_geo_exact_available,ok_old_project_reference
БРЯНСК,city,129.0,old_project_population_reference,393000,393.0,Росстат 2024,/Users/aleksan.korenkov/Work/01_ML_projects/03_ML_MMM/00_Data/00_Data_final_for_MMM/01_Raw_Data/population_geo_rosstat_for_MMM.xlsx,,2024-01-01/old_project_reference,old_project_rosstat_reference,,,,,,,,,,,,,,,,old_weather_reference_available,old_weather_features_parquet,old_weather_geo_exact_available,ok_old_project_reference
ВЕЛИКИЕ ЛУКИ,city,40.0,old_project_population_reference,87000,87.0,Росстат 2024,/Users/aleksan.korenkov/Work/01_ML_projects/03_ML_MMM/00_Data/00_Data_final_for_MMM/01_Raw_Data/population_geo_rosstat_for_MMM.xlsx,,2024-01-01/old_project_reference,old_project_rosstat_reference,,,,,,,,,,,,,,,,old_weather_reference_available,old_weather_features_parquet,old_weather_geo_exact_available,ok_old_project_reference
ВЕЛИКИЙ НОВГОРОД,city,75.0,old_project_population_reference,226000,226.0,Росстат 2024,/Users/aleksan.korenkov/Work/01_ML_projects/03_ML_MMM/00_Data/00_Data_final_for_MMM/01_Raw_Data/population_geo_rosstat_for_MMM.xlsx,,2024-01-01/old_project_reference,old_project_rosstat_reference,,,,,,,,,,,,,,,,old_weather_reference_available,old_weather_features_parquet,old_weather_geo_exact_available,ok_old_project_reference
ВЕЛИКИЙ УСТЮГ,city,10.0,old_project_population_reference,29000,29.0,Росстат 2024,/Users/aleksan.korenkov/Work/01_ML_projects/03_ML_MMM/00_Data/00_Data_final_for_MMM/01_Raw_Data/population_geo_rosstat_for_MMM.xlsx,,2024-01-01/old_project_reference,old_project_rosstat_reference,,,,,,,,,,,,,,,,old_weather_reference_available,old_weather_features_parquet,old_weather_geo_exact_available,ok_old_project_reference
ВИДНОЕ,city,102.0,old_project_population_reference,79000,79.0,Росстат 2024,/Users/aleksan.korenkov/Work/01_ML_projects/03_ML_MMM/00_Data/00_Data_final_for_MMM/01_Raw_Data/population_geo_rosstat_for_MMM.xlsx,,2024-01-01/old_project_reference,old_project_rosstat_reference,,,,,,,,,,,,,,,,old_weather_reference_available,old_weather_features_parquet,old_weather_geo_exact_available,ok_old_project_reference
ВЛАДИВОСТОК,city,39.0,old_project_population_reference,605000,605.0,Росстат 2024,/Users/aleksan.korenkov/Work/01_ML_projects/03_ML_MMM/00_Data/00_Data_final_for_MMM/01_Raw_Data/population_geo_rosstat_for_MMM.xlsx,,2024-01-01/old_project_reference,old_project_rosstat_reference,,,,,,,,,,,,,,,,old_weather_reference_available,old_weather_features_parquet,old_weather_geo_exact_available,ok_old_project_reference
ВЛАДИКАВКАЗ,city,39.0,media_mapping_dwh_store_cnt,293287,293.287,"Росстат 2025, муниципальные образования",/Users/aleksan.korenkov/Work/01_ML_projects/03_ML_MMM/00_Data/00_Data_final_for_MMM_v2/01_Raw_Data_v2/rosstat_chisl_mo_01-01-2025.xlsx,https://rosstat.gov.ru/storage/mediabank/Сhisl_MO_01-01-2025.xlsx,2025-01-01,official_rosstat_municipal_2025,907010000011002,г Владикавказ,293287.0,0.0,"Владикавказ, Россия",43.024593,44.68211,"Владикавказ, городской округ Владикавказ, Северная Осетия — Алания, Северо-Кавказский федеральный округ, Россия",Nominatim/OpenStreetMap,37228,Wladikavkaz,RU,SE,3846.0,516.0,Meteostat nearest/coverage search,station_observations,nearest_station_with_min_coverage_days,ok_exact_v2_reference
ВЛАДИМИР,city,136.0,old_project_population_reference,345000,345.0,Росстат 2024,/Users/aleksan.korenkov/Work/01_ML_projects/03_ML_MMM/00_Data/00_Data_final_for_MMM/01_Raw_Data/population_geo_rosstat_for_MMM.xlsx,,2024-01-01/old_project_reference,old_project_rosstat_reference,,,,,,,,,,,,,,,,old_weather_reference_available,old_weather_features_parquet,old_weather_geo_exact_available,ok_old_project_reference
ВОЛГОГРАД,city,408.0,old_project_population_reference,1000000,1000.0,Росстат 2024,/Users/aleksan.korenkov/Work/01_ML_projects/03_ML_MMM/00_Data/00_Data_final_for_MMM/01_Raw_Data/population_geo_rosstat_for_MMM.xlsx,,2024-01-01/old_project_reference,old_project_rosstat_reference,,,,,,,,,,,,,,,,old_weather_reference_available,old_weather_features_parquet,old_weather_geo_exact_available,ok_old_project_reference
ВОЛГОГРАДСКАЯ ОБЛАСТЬ,region,837.0,old_project_population_reference,2444000,2444.0,Росстат 2024,/Users/aleksan.korenkov/Work/01_ML_projects/03_ML_MMM/00_Data/00_Data_final_for_MMM/01_Raw_Data/population_geo_rosstat_for_MMM.xlsx,,2024-01-01/old_project_reference,old_project_rosstat_reference,,,,,,,,,,,,,,,,old_weather_reference_available,old_weather_features_parquet,old_weather_geo_exact_available,ok_old_project_reference
ВОЛОГДА,city,99.0,old_project_population_reference,316000,316.0,Росстат 2024,/Users/aleksan.korenkov/Work/01_ML_projects/03_ML_MMM/00_Data/00_Data_final_for_MMM/01_Raw_Data/population_geo_rosstat_for_MMM.xlsx,,2024-01-01/old_project_reference,old_project_rosstat_reference,,,,,,,,,,,,,,,,old_weather_reference_available,old_weather_features_parquet,old_weather_geo_exact_available,ok_old_project_reference
ВОЛОГОДСКАЯ ОБЛАСТЬ,region,309.0,old_project_population_reference,1128000,1128.0,Росстат 2024,/Users/aleksan.korenkov/Work/01_ML_projects/03_ML_MMM/00_Data/00_Data_final_for_MMM/01_Raw_Data/population_geo_rosstat_for_MMM.xlsx,,2024-01-01/old_project_reference,old_project_rosstat_reference,,,,,,,,,,,,,,,,old_weather_reference_available,old_weather_features_parquet,old_weather_geo_exact_available,ok_old_project_reference
ВОРОНЕЖ,city,471.0,old_project_population_reference,1058000,1058.0,Росстат 2024,/Users/aleksan.korenkov/Work/01_ML_projects/03_ML_MMM/00_Data/00_Data_final_for_MMM/01_Raw_Data/population_geo_rosstat_for_MMM.xlsx,,2024-01-01/old_project_reference,old_project_rosstat_reference,,,,,,,,,,,,,,,,old_weather_reference_available,old_weather_features_parquet,old_weather_geo_exact_available,ok_old_project_reference
ВОРОНЕЖСКАЯ ОБЛАСТЬ,region,908.0,old_project_population_reference,2297000,2297.0,Росстат 2024,/Users/aleksan.korenkov/Work/01_ML_projects/03_ML_MMM/00_Data/00_Data_final_for_MMM/01_Raw_Data/population_geo_rosstat_for_MMM.xlsx,,2024-01-01/old_project_reference,old_project_rosstat_reference,,,,,,,,,,,,,,,,old_weather_reference_available,old_weather_features_parquet,old_weather_geo_exact_available,ok_old_project_reference
ВЫБОРГ,city,23.0,old_project_population_reference,77000,77.0,Росстат 2024,/Users/aleksan.korenkov/Work/01_ML_projects/03_ML_MMM/00_Data/00_Data_final_for_MMM/01_Raw_Data/population_geo_rosstat_for_MMM.xlsx,,2024-01-01/old_project_reference,old_project_rosstat_reference,,,,,,,,,,,,,,,,old_weather_reference_available,old_weather_features_parquet,old_weather_geo_exact_available,ok_old_project_reference
ВЫШНИЙ ВОЛОЧЕК,city,22.0,old_project_population_reference,43000,43.0,Росстат 2024,/Users/aleksan.korenkov/Work/01_ML_projects/03_ML_MMM/00_Data/00_Data_final_for_MMM/01_Raw_Data/population_geo_rosstat_for_MMM.xlsx,,2024-01-01/old_project_reference,old_project_rosstat_reference,,,,,,,,,,,,,,,,old_weather_reference_available,old_weather_features_parquet,old_weather_geo_exact_available,ok_old_project_reference
ВЯЗНИКИ,city,22.0,old_project_population_reference,33000,33.0,Росстат 2024,/Users/aleksan.korenkov/Work/01_ML_projects/03_ML_MMM/00_Data/00_Data_final_for_MMM/01_Raw_Data/population_geo_rosstat_for_MMM.xlsx,,2024-01-01/old_project_reference,old_project_rosstat_reference,,,,,,,,,,,,,,,,old_weather_reference_available,old_weather_features_parquet,old_weather_geo_exact_available,ok_old_project_reference
ГУСЬ-ХРУСТАЛЬНЫЙ,city,25.0,old_project_population_reference,53000,53.0,Росстат 2024,/Users/aleksan.korenkov/Work/01_ML_projects/03_ML_MMM/00_Data/00_Data_final_for_MMM/01_Raw_Data/population_geo_rosstat_for_MMM.xlsx,,2024-01-01/old_project_reference,old_project_rosstat_reference,,,,,,,,,,,,,,,,old_weather_reference_available,old_weather_features_parquet,old_weather_geo_exact_available,ok_old_project_reference
ДЗЕРЖИНСК,city,105.0,media_mapping_dwh_store_cnt,213410,213.41,"Росстат 2025, муниципальные образования",/Users/aleksan.korenkov/Work/01_ML_projects/03_ML_MMM/00_Data/00_Data_final_for_MMM_v2/01_Raw_Data_v2/rosstat_chisl_mo_01-01-2025.xlsx,https://rosstat.gov.ru/storage/mediabank/Сhisl_MO_01-01-2025.xlsx,2025-01-01,official_rosstat_municipal_2025,227210000011003,г Дзержинск,213410.0,0.0,"Дзержинск, Россия",56.2382157,43.4617405,"Дзержинск, городской округ Дзержинск, Нижегородская область, Приволжский федеральный округ, Россия",Nominatim/OpenStreetMap,UWGG0,Nizhny Novgorod / Okskiy / Gnilitsy,RU,NIZ,20020.0,514.0,Meteostat nearest/coverage search,station_observations,nearest_station_with_min_coverage_days,ok_exact_v2_reference
ДОЛГОПРУДНЫЙ,city,47.0,old_project_population_reference,117000,117.0,Росстат 2024,/Users/aleksan.korenkov/Work/01_ML_projects/03_ML_MMM/00_Data/00_Data_final_for_MMM/01_Raw_Data/population_geo_rosstat_for_MMM.xlsx,,2024-01-01/old_project_reference,old_project_rosstat_reference,,,,,,,,,,,,,,,,old_weather_reference_available,old_weather_features_parquet,old_weather_geo_exact_available,ok_old_project_reference
ДОМОДЕДОВО,city,106.0,old_project_population_reference,140000,140.0,Росстат 2024,/Users/aleksan.korenkov/Work/01_ML_projects/03_ML_MMM/00_Data/00_Data_final_for_MMM/01_Raw_Data/population_geo_rosstat_for_MMM.xlsx,,2024-01-01/old_project_reference,old_project_rosstat_reference,,,,,,,,,,,,,,,,old_weather_reference_available,old_weather_features_parquet,old_weather_geo_exact_available,ok_old_project_reference
ЕКАТЕРИНБУРГ,city,565.0,old_project_population_reference,1536000,1536.0,Росстат 2024,/Users/aleksan.korenkov/Work/01_ML_projects/03_ML_MMM/00_Data/00_Data_final_for_MMM/01_Raw_Data/population_geo_rosstat_for_MMM.xlsx,,2024-01-01/old_project_reference,old_project_rosstat_reference,,,,,,,,,,,,,,,,old_weather_reference_available,old_weather_features_parquet,old_weather_geo_exact_available,ok_old_project_reference
ЕССЕНТУКИ,city,39.0,warehouse_city_store_cnt_sum,124038,124.038,"Росстат 2025, муниципальные образования",/Users/aleksan.korenkov/Work/01_ML_projects/03_ML_MMM/00_Data/00_Data_final_for_MMM_v2/01_Raw_Data_v2/rosstat_chisl_mo_01-01-2025.xlsx,https://rosstat.gov.ru/storage/mediabank/Сhisl_MO_01-01-2025.xlsx,2025-01-01,official_rosstat_municipal_2025,077100000011003,г Ессентуки,124038.0,0.0,"Ессентуки, Россия",44.0470042,42.8576575,"Ессентуки, городской округ Ессентуки, Ставропольский край, Северо-Кавказский федеральный округ, Россия",Nominatim/OpenStreetMap,37054,Mineral'Nye Vody,RU,STA,26596.5,515.0,Meteostat nearest/coverage search,station_observations,nearest_station_with_min_coverage_days,ok_exact_v2_reference
ЖЕЛЕЗНОГОРСК,city,63.0,media_mapping_dwh_store_cnt,94959,94.959,"Росстат 2025, муниципальные образования",/Users/aleksan.korenkov/Work/01_ML_projects/03_ML_MMM/00_Data/00_Data_final_for_MMM_v2/01_Raw_Data_v2/rosstat_chisl_mo_01-01-2025.xlsx,https://rosstat.gov.ru/storage/mediabank/Сhisl_MO_01-01-2025.xlsx,2025-01-01,official_rosstat_municipal_2025,387050000011000,г Железногорск,94959.0,0.0,"Железногорск, Курская область, Россия",52.3389459,35.3511755,"Железногорск, Курская область, Центральный федеральный округ, Россия",Nominatim/OpenStreetMap,34003,Ponyri,RU,KRS,64525.3,513.0,Meteostat nearest/coverage search,station_observations,expanded_radius_nearest_high_coverage_station,ok_exact_v2_reference
ЗАБАЙКАЛЬСКИЙ КРАЙ,region,104.0,old_project_population_reference,990000,990.0,Росстат 2024,/Users/aleksan.korenkov/Work/01_ML_projects/03_ML_MMM/00_Data/00_Data_final_for_MMM/01_Raw_Data/population_geo_rosstat_for_MMM.xlsx,,2024-01-01/old_project_reference,old_project_rosstat_reference,,,,,,,,,,,,,,,,old_weather_reference_available,old_weather_features_parquet,old_weather_geo_exact_available,ok_old_project_reference
ЗАВИДОВО,locality,3.0,old_project_population_reference,3000,3.0,Росстат 2024,/Users/aleksan.korenkov/Work/01_ML_projects/03_ML_MMM/00_Data/00_Data_final_for_MMM/01_Raw_Data/population_geo_rosstat_for_MMM.xlsx,,2024-01-01/old_project_reference,old_project_rosstat_reference,,,,,,,,,,,,,,,,old_weather_reference_available,old_weather_features_parquet,old_weather_geo_exact_available,ok_old_project_reference
ИВАНОВО,city,127.0,old_project_population_reference,391000,391.0,Росстат 2024,/Users/aleksan.korenkov/Work/01_ML_projects/03_ML_MMM/00_Data/00_Data_final_for_MMM/01_Raw_Data/population_geo_rosstat_for_MMM.xlsx,,2024-01-01/old_project_reference,old_project_rosstat_reference,,,,,,,,,,,,,,,,old_weather_reference_available,old_weather_features_parquet,old_weather_geo_exact_available,ok_old_project_reference
ИВАНОВСКАЯ ОБЛАСТЬ,region,291.0,old_project_population_reference,940000,940.0,Росстат 2024,/Users/aleksan.korenkov/Work/01_ML_projects/03_ML_MMM/00_Data/00_Data_final_for_MMM/01_Raw_Data/population_geo_rosstat_for_MMM.xlsx,,2024-01-01/old_project_reference,old_project_rosstat_reference,,,,,,,,,,,,,,,,old_weather_reference_available,old_weather_features_parquet,old_weather_geo_exact_available,ok_old_project_reference
ИЖЕВСК,city,262.0,old_project_population_reference,642000,642.0,Росстат 2024,/Users/aleksan.korenkov/Work/01_ML_projects/03_ML_MMM/00_Data/00_Data_final_for_MMM/01_Raw_Data/population_geo_rosstat_for_MMM.xlsx,,2024-01-01/old_project_reference,old_project_rosstat_reference,,,,,,,,,,,,,,,,old_weather_reference_available,old_weather_features_parquet,old_weather_geo_exact_available,ok_old_project_reference
ИРКУТСК,city,112.0,old_project_population_reference,626000,626.0,Росстат 2024,/Users/aleksan.korenkov/Work/01_ML_projects/03_ML_MMM/00_Data/00_Data_final_for_MMM/01_Raw_Data/population_geo_rosstat_for_MMM.xlsx,,2024-01-01/old_project_reference,old_project_rosstat_reference,,,,,,,,,,,,,,,,old_weather_reference_available,old_weather_features_parquet,old_weather_geo_exact_available,ok_old_project_reference
ИРКУТСКАЯ ОБЛАСТЬ,region,364.0,old_project_population_reference,2340000,2340.0,Росстат 2024,/Users/aleksan.korenkov/Work/01_ML_projects/03_ML_MMM/00_Data/00_Data_final_for_MMM/01_Raw_Data/population_geo_rosstat_for_MMM.xlsx,,2024-01-01/old_project_reference,old_project_rosstat_reference,,,,,,,,,,,,,,,,old_weather_reference_available,old_weather_features_parquet,old_weather_geo_exact_available,ok_old_project_reference
ЙОШКАР-ОЛА,city,116.0,old_project_population_reference,274000,274.0,Росстат 2024,/Users/aleksan.korenkov/Work/01_ML_projects/03_ML_MMM/00_Data/00_Data_final_for_MMM/01_Raw_Data/population_geo_rosstat_for_MMM.xlsx,,2024-01-01/old_project_reference,old_project_rosstat_reference,,,,,,,,,,,,,,,,old_weather_reference_available,old_weather_features_parquet,old_weather_geo_exact_available,ok_old_project_reference
КАБАРДИНО-БАЛКАРСКАЯ РЕСПУБЛИКА,region,60.0,old_project_population_reference,906000,906.0,Росстат 2024,/Users/aleksan.korenkov/Work/01_ML_projects/03_ML_MMM/00_Data/00_Data_final_for_MMM/01_Raw_Data/population_geo_rosstat_for_MMM.xlsx,,2024-01-01/old_project_reference,old_project_rosstat_reference,,,,,,,,,,,,,,,,old_weather_reference_available,old_weather_features_parquet,old_weather_geo_exact_available,ok_old_project_reference
КАЗАНЬ,city,549.0,old_project_population_reference,1308000,1308.0,Росстат 2024,/Users/aleksan.korenkov/Work/01_ML_projects/03_ML_MMM/00_Data/00_Data_final_for_MMM/01_Raw_Data/population_geo_rosstat_for_MMM.xlsx,,2024-01-01/old_project_reference,old_project_rosstat_reference,,,,,,,,,,,,,,,,old_weather_reference_available,old_weather_features_parquet,old_weather_geo_exact_available,ok_old_project_reference
КАЛИНИНГРАД,city,136.0,old_project_population_reference,490000,490.0,Росстат 2024,/Users/aleksan.korenkov/Work/01_ML_projects/03_ML_MMM/00_Data/00_Data_final_for_MMM/01_Raw_Data/population_geo_rosstat_for_MMM.xlsx,,2024-01-01/old_project_reference,old_project_rosstat_reference,,,,,,,,,,,,,,,,old_weather_reference_available,old_weather_features_parquet,old_weather_geo_exact_available,ok_old_project_reference
КАЛИНИНГРАДСКАЯ ОБЛАСТЬ,region,296.0,old_project_population_reference,1028000,1028.0,Росстат 2024,/Users/aleksan.korenkov/Work/01_ML_projects/03_ML_MMM/00_Data/00_Data_final_for_MMM/01_Raw_Data/population_geo_rosstat_for_MMM.xlsx,,2024-01-01/old_project_reference,old_project_rosstat_reference,,,,,,,,,,,,,,,,old_weather_reference_available,old_weather_features_parquet,old_weather_geo_exact_available,ok_old_project_reference
КАЛУГА,city,119.0,old_project_population_reference,340000,340.0,Росстат 2024,/Users/aleksan.korenkov/Work/01_ML_projects/03_ML_MMM/00_Data/00_Data_final_for_MMM/01_Raw_Data/population_geo_rosstat_for_MMM.xlsx,,2024-01-01/old_project_reference,old_project_rosstat_reference,,,,,,,,,,,,,,,,old_weather_reference_available,old_weather_features_parquet,old_weather_geo_exact_available,ok_old_project_reference
КАМЕНСК-ШАХТИНСКИЙ,city,40.0,media_mapping_dwh_store_cnt,82425,82.425,"Росстат 2025, муниципальные образования",/Users/aleksan.korenkov/Work/01_ML_projects/03_ML_MMM/00_Data/00_Data_final_for_MMM_v2/01_Raw_Data_v2/rosstat_chisl_mo_01-01-2025.xlsx,https://rosstat.gov.ru/storage/mediabank/Сhisl_MO_01-01-2025.xlsx,2025-01-01,official_rosstat_municipal_2025,607190000011000,г Каменск-Шахтинский,82425.0,0.0,"Каменск-Шахтинский, Россия",48.2755188,40.2318349,"Каменск-Шахтинский, Ростовская область, Южный федеральный округ, Россия",Nominatim/OpenStreetMap,34535,Kamensk-Sahtinskij,RU,ROS,5731.2,513.0,Meteostat nearest/coverage search,station_observations,nearest_station_with_min_coverage_days,ok_exact_v2_reference
КАРАЧАЕВО-ЧЕРКЕССКАЯ РЕСПУБЛИКА,region,35.0,old_project_population_reference,464000,464.0,Росстат 2024,/Users/aleksan.korenkov/Work/01_ML_projects/03_ML_MMM/00_Data/00_Data_final_for_MMM/01_Raw_Data/population_geo_rosstat_for_MMM.xlsx,,2024-01-01/old_project_reference,old_project_rosstat_reference,,,,,,,,,,,,,,,,old_weather_reference_available,old_weather_features_parquet,old_weather_geo_exact_available,ok_old_project_reference
КЕМЕРОВО,city,105.0,old_project_population_reference,552000,552.0,Росстат 2024,/Users/aleksan.korenkov/Work/01_ML_projects/03_ML_MMM/00_Data/00_Data_final_for_MMM/01_Raw_Data/population_geo_rosstat_for_MMM.xlsx,,2024-01-01/old_project_reference,old_project_rosstat_reference,,,,,,,,,,,,,,,,old_weather_reference_available,old_weather_features_parquet,old_weather_geo_exact_available,ok_old_project_reference
КЕМЕРОВСКАЯ ОБЛАСТЬ,region,527.0,old_project_population_reference,2573000,2573.0,Росстат 2024,/Users/aleksan.korenkov/Work/01_ML_projects/03_ML_MMM/00_Data/00_Data_final_for_MMM/01_Raw_Data/population_geo_rosstat_for_MMM.xlsx,,2024-01-01/old_project_reference,old_project_rosstat_reference,,,,,,,,,,,,,,,,old_weather_reference_available,old_weather_features_parquet,old_weather_geo_exact_available,ok_old_project_reference
КИНЕШМА,city,31.0,old_project_population_reference,76000,76.0,Росстат 2024,/Users/aleksan.korenkov/Work/01_ML_projects/03_ML_MMM/00_Data/00_Data_final_for_MMM/01_Raw_Data/population_geo_rosstat_for_MMM.xlsx,,2024-01-01/old_project_reference,old_project_rosstat_reference,,,,,,,,,,,,,,,,old_weather_reference_available,old_weather_features_parquet,old_weather_geo_exact_available,ok_old_project_reference
КИРИШИ,city,23.0,old_project_population_reference,49000,49.0,Росстат 2024,/Users/aleksan.korenkov/Work/01_ML_projects/03_ML_MMM/00_Data/00_Data_final_for_MMM/01_Raw_Data/population_geo_rosstat_for_MMM.xlsx,,2024-01-01/old_project_reference,old_project_rosstat_reference,,,,,,,,,,,,,,,,old_weather_reference_available,old_weather_features_parquet,old_weather_geo_exact_available,ok_old_project_reference
КИРОВ,city,170.0,old_project_population_reference,521000,521.0,Росстат 2024,/Users/aleksan.korenkov/Work/01_ML_projects/03_ML_MMM/00_Data/00_Data_final_for_MMM/01_Raw_Data/population_geo_rosstat_for_MMM.xlsx,,2024-01-01/old_project_reference,old_project_rosstat_reference,,,,,,,,,,,,,,,,old_weather_reference_available,old_weather_features_parquet,old_weather_geo_exact_available,ok_old_project_reference
КИРОВСК,city,24.0,old_project_population_reference,25000,25.0,Росстат 2024,/Users/aleksan.korenkov/Work/01_ML_projects/03_ML_MMM/00_Data/00_Data_final_for_MMM/01_Raw_Data/population_geo_rosstat_for_MMM.xlsx,,2024-01-01/old_project_reference,old_project_rosstat_reference,,,,,,,,,,,,,,,,old_weather_reference_available,old_weather_features_parquet,old_weather_geo_exact_available,ok_old_project_reference
КИРОВСКАЯ ОБЛАСТЬ,region,311.0,old_project_population_reference,1186000,1186.0,Росстат 2024,/Users/aleksan.korenkov/Work/01_ML_projects/03_ML_MMM/00_Data/00_Data_final_for_MMM/01_Raw_Data/population_geo_rosstat_for_MMM.xlsx,,2024-01-01/old_project_reference,old_project_rosstat_reference,,,,,,,,,,,,,,,,old_weather_reference_available,old_weather_features_parquet,old_weather_geo_exact_available,ok_old_project_reference
КИСЛОВОДСК,city,34.0,old_project_population_reference,127000,127.0,Росстат 2024,/Users/aleksan.korenkov/Work/01_ML_projects/03_ML_MMM/00_Data/00_Data_final_for_MMM/01_Raw_Data/population_geo_rosstat_for_MMM.xlsx,,2024-01-01/old_project_reference,old_project_rosstat_reference,,,,,,,,,,,,,,,,old_weather_reference_available,old_weather_features_parquet,old_weather_geo_exact_available,ok_old_project_reference
КОВРОВ,city,57.0,old_project_population_reference,134000,134.0,Росстат 2024,/Users/aleksan.korenkov/Work/01_ML_projects/03_ML_MMM/00_Data/00_Data_final_for_MMM/01_Raw_Data/population_geo_rosstat_for_MMM.xlsx,,2024-01-01/old_project_reference,old_project_rosstat_reference,,,,,,,,,,,,,,,,old_weather_reference_available,old_weather_features_parquet,old_weather_geo_exact_available,ok_old_project_reference
КОМСОМОЛЬСК-НА-АМУРЕ,city,63.0,media_mapping_dwh_store_cnt,233716,233.716,"Росстат 2025, муниципальные образования",/Users/aleksan.korenkov/Work/01_ML_projects/03_ML_MMM/00_Data/00_Data_final_for_MMM_v2/01_Raw_Data_v2/rosstat_chisl_mo_01-01-2025.xlsx,https://rosstat.gov.ru/storage/mediabank/Сhisl_MO_01-01-2025.xlsx,2025-01-01,official_rosstat_municipal_2025,087090000011213,г Комсомольск-на-Амуре,233716.0,0.0,"Комсомольск-На-Амуре, Россия",50.542818,137.0225414,"Комсомольск-на-Амуре, городской округ Комсомольск-на-Амуре, Хабаровский край, Дальневосточный федеральный округ, Россия",Nominatim/OpenStreetMap,31561,Komsomolsk-On-Amur,RU,KHA,6403.6,504.0,Meteostat nearest/coverage search,station_observations,nearest_station_with_min_coverage_days,ok_exact_v2_reference
КОНАКОВО,city,27.0,old_project_population_reference,37000,37.0,Росстат 2024,/Users/aleksan.korenkov/Work/01_ML_projects/03_ML_MMM/00_Data/00_Data_final_for_MMM/01_Raw_Data/population_geo_rosstat_for_MMM.xlsx,,2024-01-01/old_project_reference,old_project_rosstat_reference,,,,,,,,,,,,,,,,old_weather_reference_available,old_weather_features_parquet,old_weather_geo_exact_available,ok_old_project_reference
КОРОЛЕВ,city,103.0,old_project_population_reference,227000,227.0,Росстат 2024,/Users/aleksan.korenkov/Work/01_ML_projects/03_ML_MMM/00_Data/00_Data_final_for_MMM/01_Raw_Data/population_geo_rosstat_for_MMM.xlsx,,2024-01-01/old_project_reference,old_project_rosstat_reference,,,,,,,,,,,,,,,,old_weather_reference_available,old_weather_features_parquet,old_weather_geo_exact_available,ok_old_project_reference
КОРЯЖМА,city,12.0,old_project_population_reference,34000,34.0,Росстат 2024,/Users/aleksan.korenkov/Work/01_ML_projects/03_ML_MMM/00_Data/00_Data_final_for_MMM/01_Raw_Data/population_geo_rosstat_for_MMM.xlsx,,2024-01-01/old_project_reference,old_project_rosstat_reference,,,,,,,,,,,,,,,,old_weather_reference_available,old_weather_features_parquet,old_weather_geo_exact_available,ok_old_project_reference
КОСТРОМА,city,82.0,old_project_population_reference,277000,277.0,Росстат 2024,/Users/aleksan.korenkov/Work/01_ML_projects/03_ML_MMM/00_Data/00_Data_final_for_MMM/01_Raw_Data/population_geo_rosstat_for_MMM.xlsx,,2024-01-01/old_project_reference,old_project_rosstat_reference,,,,,,,,,,,,,,,,old_weather_reference_available,old_weather_features_parquet,old_weather_geo_exact_available,ok_old_project_reference
КОСТРОМСКАЯ ОБЛАСТЬ,region,149.0,old_project_population_reference,609000,609.0,Росстат 2024,/Users/aleksan.korenkov/Work/01_ML_projects/03_ML_MMM/00_Data/00_Data_final_for_MMM/01_Raw_Data/population_geo_rosstat_for_MMM.xlsx,,2024-01-01/old_project_reference,old_project_rosstat_reference,,,,,,,,,,,,,,,,old_weather_reference_available,old_weather_features_parquet,old_weather_geo_exact_available,ok_old_project_reference
КОТЛАС,city,16.0,old_project_population_reference,57000,57.0,Росстат 2024,/Users/aleksan.korenkov/Work/01_ML_projects/03_ML_MMM/00_Data/00_Data_final_for_MMM/01_Raw_Data/population_geo_rosstat_for_MMM.xlsx,,2024-01-01/old_project_reference,old_project_rosstat_reference,,,,,,,,,,,,,,,,old_weather_reference_available,old_weather_features_parquet,old_weather_geo_exact_available,ok_old_project_reference
КРАСНОГОРСК,city,194.0,old_project_population_reference,175000,175.0,Росстат 2024,/Users/aleksan.korenkov/Work/01_ML_projects/03_ML_MMM/00_Data/00_Data_final_for_MMM/01_Raw_Data/population_geo_rosstat_for_MMM.xlsx,,2024-01-01/old_project_reference,old_project_rosstat_reference,,,,,,,,,,,,,,,,old_weather_reference_available,old_weather_features_parquet,old_weather_geo_exact_available,ok_old_project_reference
КРАСНОДАР,city,514.0,old_project_population_reference,1121000,1121.0,Росстат 2024,/Users/aleksan.korenkov/Work/01_ML_projects/03_ML_MMM/00_Data/00_Data_final_for_MMM/01_Raw_Data/population_geo_rosstat_for_MMM.xlsx,,2024-01-01/old_project_reference,old_project_rosstat_reference,,,,,,,,,,,,,,,,old_weather_reference_available,old_weather_features_parquet,old_weather_geo_exact_available,ok_old_project_reference
КРАСНОДАРСКИЙ КРАЙ,region,2041.0,old_project_population_reference,5976000,5976.0,Росстат 2024,/Users/aleksan.korenkov/Work/01_ML_projects/03_ML_MMM/00_Data/00_Data_final_for_MMM/01_Raw_Data/population_geo_rosstat_for_MMM.xlsx,,2024-01-01/old_project_reference,old_project_rosstat_reference,,,,,,,,,,,,,,,,old_weather_reference_available,old_weather_features_parquet,old_weather_geo_exact_available,ok_old_project_reference
КРАСНОЯРСК,city,209.0,old_project_population_reference,1093000,1093.0,Росстат 2024,/Users/aleksan.korenkov/Work/01_ML_projects/03_ML_MMM/00_Data/00_Data_final_for_MMM/01_Raw_Data/population_geo_rosstat_for_MMM.xlsx,,2024-01-01/old_project_reference,old_project_rosstat_reference,,,,,,,,,,,,,,,,old_weather_reference_available,old_weather_features_parquet,old_weather_geo_exact_available,ok_old_project_reference
КРАСНОЯРСКИЙ КРАЙ,region,382.0,old_project_population_reference,2827000,2827.0,Росстат 2024,/Users/aleksan.korenkov/Work/01_ML_projects/03_ML_MMM/00_Data/00_Data_final_for_MMM/01_Raw_Data/population_geo_rosstat_for_MMM.xlsx,,2024-01-01/old_project_reference,old_project_rosstat_reference,,,,,,,,,,,,,,,,old_weather_reference_available,old_weather_features_parquet,old_weather_geo_exact_available,ok_old_project_reference
КСТОВСКИЙ РАЙОН,district,15.0,old_project_population_reference,113000,113.0,Росстат 2024,/Users/aleksan.korenkov/Work/01_ML_projects/03_ML_MMM/00_Data/00_Data_final_for_MMM/01_Raw_Data/population_geo_rosstat_for_MMM.xlsx,,2024-01-01/old_project_reference,old_project_rosstat_reference,,,,,,,,,,,,,,,,old_weather_reference_available,old_weather_features_parquet,old_weather_geo_exact_available,ok_old_project_reference
КУЗНЕЦК,city,34.0,old_project_population_reference,77000,77.0,Росстат 2024,/Users/aleksan.korenkov/Work/01_ML_projects/03_ML_MMM/00_Data/00_Data_final_for_MMM/01_Raw_Data/population_geo_rosstat_for_MMM.xlsx,,2024-01-01/old_project_reference,old_project_rosstat_reference,,,,,,,,,,,,,,,,old_weather_reference_available,old_weather_features_parquet,old_weather_geo_exact_available,ok_old_project_reference
КУРГАН,city,75.0,old_project_population_reference,305000,305.0,Росстат 2024,/Users/aleksan.korenkov/Work/01_ML_projects/03_ML_MMM/00_Data/00_Data_final_for_MMM/01_Raw_Data/population_geo_rosstat_for_MMM.xlsx,,2024-01-01/old_project_reference,old_project_rosstat_reference,,,,,,,,,,,,,,,,old_weather_reference_available,old_weather_features_parquet,old_weather_geo_exact_available,ok_old_project_reference
КУРГАНСКАЯ ОБЛАСТЬ,region,141.0,old_project_population_reference,776000,776.0,Росстат 2024,/Users/aleksan.korenkov/Work/01_ML_projects/03_ML_MMM/00_Data/00_Data_final_for_MMM/01_Raw_Data/population_geo_rosstat_for_MMM.xlsx,,2024-01-01/old_project_reference,old_project_rosstat_reference,,,,,,,,,,,,,,,,old_weather_reference_available,old_weather_features_parquet,old_weather_geo_exact_available,ok_old_project_reference
КУРСК,city,175.0,old_project_population_reference,454000,454.0,Росстат 2024,/Users/aleksan.korenkov/Work/01_ML_projects/03_ML_MMM/00_Data/00_Data_final_for_MMM/01_Raw_Data/population_geo_rosstat_for_MMM.xlsx,,2024-01-01/old_project_reference,old_project_rosstat_reference,,,,,,,,,,,,,,,,old_weather_reference_available,old_weather_features_parquet,old_weather_geo_exact_available,ok_old_project_reference
КУРСКАЯ ОБЛАСТЬ,region,361.0,old_project_population_reference,1068000,1068.0,Росстат 2024,/Users/aleksan.korenkov/Work/01_ML_projects/03_ML_MMM/00_Data/00_Data_final_for_MMM/01_Raw_Data/population_geo_rosstat_for_MMM.xlsx,,2024-01-01/old_project_reference,old_project_rosstat_reference,,,,,,,,,,,,,,,,old_weather_reference_available,old_weather_features_parquet,old_weather_geo_exact_available,ok_old_project_reference
ЛЕНИНГРАДСКАЯ ОБЛАСТЬ,region,821.0,old_project_population_reference,2081000,2081.0,Росстат 2024,/Users/aleksan.korenkov/Work/01_ML_projects/03_ML_MMM/00_Data/00_Data_final_for_MMM/01_Raw_Data/population_geo_rosstat_for_MMM.xlsx,,2024-01-01/old_project_reference,old_project_rosstat_reference,,,,,,,,,,,,,,,,old_weather_reference_available,old_weather_features_parquet,old_weather_geo_exact_available,ok_old_project_reference
ЛИПЕЦК,city,224.0,old_project_population_reference,494000,494.0,Росстат 2024,/Users/aleksan.korenkov/Work/01_ML_projects/03_ML_MMM/00_Data/00_Data_final_for_MMM/01_Raw_Data/population_geo_rosstat_for_MMM.xlsx,,2024-01-01/old_project_reference,old_project_rosstat_reference,,,,,,,,,,,,,,,,old_weather_reference_available,old_weather_features_parquet,old_weather_geo_exact_available,ok_old_project_reference
ЛИПЕЦКАЯ ОБЛАСТЬ,region,427.0,old_project_population_reference,1113000,1113.0,Росстат 2024,/Users/aleksan.korenkov/Work/01_ML_projects/03_ML_MMM/00_Data/00_Data_final_for_MMM/01_Raw_Data/population_geo_rosstat_for_MMM.xlsx,,2024-01-01/old_project_reference,old_project_rosstat_reference,,,,,,,,,,,,,,,,old_weather_reference_available,old_weather_features_parquet,old_weather_geo_exact_available,ok_old_project_reference
ЛОБНЯ,city,41.0,old_project_population_reference,92000,92.0,Росстат 2024,/Users/aleksan.korenkov/Work/01_ML_projects/03_ML_MMM/00_Data/00_Data_final_for_MMM/01_Raw_Data/population_geo_rosstat_for_MMM.xlsx,,2024-01-01/old_project_reference,old_project_rosstat_reference,,,,,,,,,,,,,,,,old_weather_reference_available,old_weather_features_parquet,old_weather_geo_exact_available,ok_old_project_reference
ЛЮБЕРЦЫ,city,31.0,old_project_population_reference,218000,218.0,Росстат 2024,/Users/aleksan.korenkov/Work/01_ML_projects/03_ML_MMM/00_Data/00_Data_final_for_MMM/01_Raw_Data/population_geo_rosstat_for_MMM.xlsx,,2024-01-01/old_project_reference,old_project_rosstat_reference,,,,,,,,,,,,,,,,old_weather_reference_available,old_weather_features_parquet,old_weather_geo_exact_available,ok_old_project_reference
МАГНИТОГОРСК,city,162.0,old_project_population_reference,411000,411.0,Росстат 2024,/Users/aleksan.korenkov/Work/01_ML_projects/03_ML_MMM/00_Data/00_Data_final_for_MMM/01_Raw_Data/population_geo_rosstat_for_MMM.xlsx,,2024-01-01/old_project_reference,old_project_rosstat_reference,,,,,,,,,,,,,,,,old_weather_reference_available,old_weather_features_parquet,old_weather_geo_exact_available,ok_old_project_reference
МАЙКОП,city,45.0,old_project_population_reference,146000,146.0,Росстат 2024,/Users/aleksan.korenkov/Work/01_ML_projects/03_ML_MMM/00_Data/00_Data_final_for_MMM/01_Raw_Data/population_geo_rosstat_for_MMM.xlsx,,2024-01-01/old_project_reference,old_project_rosstat_reference,,,,,,,,,,,,,,,,old_weather_reference_available,old_weather_features_parquet,old_weather_geo_exact_available,ok_old_project_reference
МИАСС,city,78.0,media_mapping_dwh_store_cnt,146650,146.65,"Росстат 2025, муниципальные образования",/Users/aleksan.korenkov/Work/01_ML_projects/03_ML_MMM/00_Data/00_Data_final_for_MMM_v2/01_Raw_Data_v2/rosstat_chisl_mo_01-01-2025.xlsx,https://rosstat.gov.ru/storage/mediabank/Сhisl_MO_01-01-2025.xlsx,2025-01-01,official_rosstat_municipal_2025,757420000011003,г Миасс,146650.0,0.0,"Миасс, Россия",55.0505685,60.1087125,"Миасс, Миасский городской округ, Челябинская область, Уральский федеральный округ, Россия",Nominatim/OpenStreetMap,28642,Cheljabinsk-Balandino,RU,CHE,94615.5,516.0,Meteostat nearest/coverage search,station_observations,nearest_full_coverage_station,ok_exact_v2_reference
МИНЕРАЛЬНЫЕ ВОДЫ,city,13.0,media_mapping_dwh_store_cnt,68761,68.761,"Росстат 2025, муниципальные образования",/Users/aleksan.korenkov/Work/01_ML_projects/03_ML_MMM/00_Data/00_Data_final_for_MMM_v2/01_Raw_Data_v2/rosstat_chisl_mo_01-01-2025.xlsx,https://rosstat.gov.ru/storage/mediabank/Сhisl_MO_01-01-2025.xlsx,2025-01-01,official_rosstat_municipal_2025,075390000011000,г Минеральные Воды,68761.0,0.0,"Минеральные Воды, Россия",44.2107377,43.134969,"Минеральные Воды, Минераловодский муниципальный округ, Ставропольский край, Северо-Кавказский федеральный округ, Россия",Nominatim/OpenStreetMap,37054,Mineral'Nye Vody,RU,STA,5990.8,515.0,Meteostat nearest/coverage search,station_observations,nearest_station_with_min_coverage_days,ok_exact_v2_reference
МИЧУРИНСК,city,40.0,old_project_population_reference,86000,86.0,Росстат 2024,/Users/aleksan.korenkov/Work/01_ML_projects/03_ML_MMM/00_Data/00_Data_final_for_MMM/01_Raw_Data/population_geo_rosstat_for_MMM.xlsx,,2024-01-01/old_project_reference,old_project_rosstat_reference,,,,,,,,,,,,,,,,old_weather_reference_available,old_weather_features_parquet,old_weather_geo_exact_available,ok_old_project_reference
МОНЧЕГОРСК,city,18.0,old_project_population_reference,37000,37.0,Росстат 2024,/Users/aleksan.korenkov/Work/01_ML_projects/03_ML_MMM/00_Data/00_Data_final_for_MMM/01_Raw_Data/population_geo_rosstat_for_MMM.xlsx,,2024-01-01/old_project_reference,old_project_rosstat_reference,,,,,,,,,,,,,,,,old_weather_reference_available,old_weather_features_parquet,old_weather_geo_exact_available,ok_old_project_reference
МОСКВА,region,4175.0,old_project_population_reference,13104000,13104.0,Росстат 2024,/Users/aleksan.korenkov/Work/01_ML_projects/03_ML_MMM/00_Data/00_Data_final_for_MMM/01_Raw_Data/population_geo_rosstat_for_MMM.xlsx,,2024-01-01/old_project_reference,old_project_rosstat_reference,,,,,,,,,,,,,,,,old_weather_reference_available,old_weather_features_parquet,old_weather_geo_exact_available,ok_old_project_reference
МОСКОВСКАЯ ОБЛАСТЬ,region,4479.0,old_project_population_reference,8524000,8524.0,Росстат 2024,/Users/aleksan.korenkov/Work/01_ML_projects/03_ML_MMM/00_Data/00_Data_final_for_MMM/01_Raw_Data/population_geo_rosstat_for_MMM.xlsx,,2024-01-01/old_project_reference,old_project_rosstat_reference,,,,,,,,,,,,,,,,old_weather_reference_available,old_weather_features_parquet,old_weather_geo_exact_available,ok_old_project_reference
МУРМАНСК,city,89.0,old_project_population_reference,267000,267.0,Росстат 2024,/Users/aleksan.korenkov/Work/01_ML_projects/03_ML_MMM/00_Data/00_Data_final_for_MMM/01_Raw_Data/population_geo_rosstat_for_MMM.xlsx,,2024-01-01/old_project_reference,old_project_rosstat_reference,,,,,,,,,,,,,,,,old_weather_reference_available,old_weather_features_parquet,old_weather_geo_exact_available,ok_old_project_reference
МУРМАНСКАЯ ОБЛАСТЬ,region,264.0,old_project_population_reference,665000,665.0,Росстат 2024,/Users/aleksan.korenkov/Work/01_ML_projects/03_ML_MMM/00_Data/00_Data_final_for_MMM/01_Raw_Data/population_geo_rosstat_for_MMM.xlsx,,2024-01-01/old_project_reference,old_project_rosstat_reference,,,,,,,,,,,,,,,,old_weather_reference_available,old_weather_features_parquet,old_weather_geo_exact_available,ok_old_project_reference
МЫТИЩИ,city,169.0,old_project_population_reference,253000,253.0,Росстат 2024,/Users/aleksan.korenkov/Work/01_ML_projects/03_ML_MMM/00_Data/00_Data_final_for_MMM/01_Raw_Data/population_geo_rosstat_for_MMM.xlsx,,2024-01-01/old_project_reference,old_project_rosstat_reference,,,,,,,,,,,,,,,,old_weather_reference_available,old_weather_features_parquet,old_weather_geo_exact_available,ok_old_project_reference
НАБЕРЕЖНЫЕ ЧЕЛНЫ,city,222.0,old_project_population_reference,538000,538.0,Росстат 2024,/Users/aleksan.korenkov/Work/01_ML_projects/03_ML_MMM/00_Data/00_Data_final_for_MMM/01_Raw_Data/population_geo_rosstat_for_MMM.xlsx,,2024-01-01/old_project_reference,old_project_rosstat_reference,,,,,,,,,,,,,,,,old_weather_reference_available,old_weather_features_parquet,old_weather_geo_exact_available,ok_old_project_reference
НАЛЬЧИК,city,28.0,media_mapping_dwh_store_cnt,245588,245.588,"Росстат 2025, муниципальные образования",/Users/aleksan.korenkov/Work/01_ML_projects/03_ML_MMM/00_Data/00_Data_final_for_MMM_v2/01_Raw_Data_v2/rosstat_chisl_mo_01-01-2025.xlsx,https://rosstat.gov.ru/storage/mediabank/Сhisl_MO_01-01-2025.xlsx,2025-01-01,official_rosstat_municipal_2025,837010000011001,г Нальчик,245588.0,0.0,"Нальчик, Россия",43.4769604,43.5966578,"Нальчик, городской округ Нальчик, Кабардино-Балкария, Северо-Кавказский федеральный округ, Россия",Nominatim/OpenStreetMap,37212,Nal'Cik,RU,KB,6926.7,515.0,Meteostat nearest/coverage search,station_observations,nearest_station_with_min_coverage_days,ok_exact_v2_reference
НАХОДКА,city,20.0,media_mapping_dwh_store_cnt,133859,133.859,"Росстат 2025, муниципальные образования",/Users/aleksan.korenkov/Work/01_ML_projects/03_ML_MMM/00_Data/00_Data_final_for_MMM_v2/01_Raw_Data_v2/rosstat_chisl_mo_01-01-2025.xlsx,https://rosstat.gov.ru/storage/mediabank/Сhisl_MO_01-01-2025.xlsx,2025-01-01,official_rosstat_municipal_2025,057140000011002,г Находка,133859.0,0.0,"Находка, Россия",42.8246489,132.8926,"Находка, Находкинский городской округ, Приморский край, Дальневосточный федеральный округ, Россия",Nominatim/OpenStreetMap,31987,Partizansk,RU,PRI,37559.2,513.0,Meteostat nearest/coverage search,station_observations,nearest_station_with_min_coverage_days,ok_exact_v2_reference
НИЖЕГОРОДСКАЯ ОБЛАСТЬ,region,1319.0,old_project_population_reference,3104000,3104.0,Росстат 2024,/Users/aleksan.korenkov/Work/01_ML_projects/03_ML_MMM/00_Data/00_Data_final_for_MMM/01_Raw_Data/population_geo_rosstat_for_MMM.xlsx,,2024-01-01/old_project_reference,old_project_rosstat_reference,,,,,,,,,,,,,,,,old_weather_reference_available,old_weather_features_parquet,old_weather_geo_exact_available,ok_old_project_reference
НИЖНЕВАРТОВСК,city,44.0,old_project_population_reference,280000,280.0,Росстат 2024,/Users/aleksan.korenkov/Work/01_ML_projects/03_ML_MMM/00_Data/00_Data_final_for_MMM/01_Raw_Data/population_geo_rosstat_for_MMM.xlsx,,2024-01-01/old_project_reference,old_project_rosstat_reference,,,,,,,,,,,,,,,,old_weather_reference_available,old_weather_features_parquet,old_weather_geo_exact_available,ok_old_project_reference
НИЖНЕКАМСК,city,60.0,media_mapping_dwh_store_cnt,240842,240.842,"Росстат 2025, муниципальные образования",/Users/aleksan.korenkov/Work/01_ML_projects/03_ML_MMM/00_Data/00_Data_final_for_MMM_v2/01_Raw_Data_v2/rosstat_chisl_mo_01-01-2025.xlsx,https://rosstat.gov.ru/storage/mediabank/Сhisl_MO_01-01-2025.xlsx,2025-01-01,official_rosstat_municipal_2025,926441010011003,г Нижнекамск,240842.0,0.0,"Нижнекамск, Россия",55.6412879,51.8160376,"Нижнекамск, городское поселение Нижнекамск, Нижнекамский район, Татарстан, Приволжский федеральный округ, 423570, Россия",Nominatim/OpenStreetMap,27607,Nikashnovka,RU,TA,18377.6,515.0,Meteostat nearest/coverage search,station_observations,nearest_station_with_min_coverage_days,ok_exact_v2_reference
НИЖНИЙ ТАГИЛ,city,113.0,old_project_population_reference,341000,341.0,Росстат 2024,/Users/aleksan.korenkov/Work/01_ML_projects/03_ML_MMM/00_Data/00_Data_final_for_MMM/01_Raw_Data/population_geo_rosstat_for_MMM.xlsx,,2024-01-01/old_project_reference,old_project_rosstat_reference,,,,,,,,,,,,,,,,old_weather_reference_available,old_weather_features_parquet,old_weather_geo_exact_available,ok_old_project_reference
НОВГОРОДСКАЯ ОБЛАСТЬ,region,193.0,old_project_population_reference,575000,575.0,Росстат 2024,/Users/aleksan.korenkov/Work/01_ML_projects/03_ML_MMM/00_Data/00_Data_final_for_MMM/01_Raw_Data/population_geo_rosstat_for_MMM.xlsx,,2024-01-01/old_project_reference,old_project_rosstat_reference,,,,,,,,,,,,,,,,old_weather_reference_available,old_weather_features_parquet,old_weather_geo_exact_available,ok_old_project_reference
НОВОКУЗНЕЦК,city,130.0,media_mapping_dwh_store_cnt,528747,528.747,"Росстат 2025, муниципальные образования",/Users/aleksan.korenkov/Work/01_ML_projects/03_ML_MMM/00_Data/00_Data_final_for_MMM_v2/01_Raw_Data_v2/rosstat_chisl_mo_01-01-2025.xlsx,https://rosstat.gov.ru/storage/mediabank/Сhisl_MO_01-01-2025.xlsx,2025-01-01,official_rosstat_municipal_2025,327310000011012,г Новокузнецк,528747.0,0.0,"Новокузнецк, Россия",53.7582436,87.14653,"Новокузнецк, Новокузнецкий городской округ, Кемеровская область, Сибирский федеральный округ, Россия",Nominatim/OpenStreetMap,29846,Novokuznetsk / Spichenkovo / Luchshevo,RU,KEM,18473.4,516.0,Meteostat nearest/coverage search,station_observations,nearest_station_with_min_coverage_days,ok_exact_v2_reference
НОВОКУЙБЫШЕВСК,city,39.0,media_mapping_dwh_store_cnt,95862,95.862,"Росстат 2025, муниципальные образования",/Users/aleksan.korenkov/Work/01_ML_projects/03_ML_MMM/00_Data/00_Data_final_for_MMM_v2/01_Raw_Data_v2/rosstat_chisl_mo_01-01-2025.xlsx,https://rosstat.gov.ru/storage/mediabank/Сhisl_MO_01-01-2025.xlsx,2025-01-01,official_rosstat_municipal_2025,367130000011000,г Новокуйбышевск,95862.0,0.0,"Новокуйбышевск, Россия",53.099243,49.948364,"Новокуйбышевск, городской округ Новокуйбышевск, Самарская область, Приволжский федеральный округ, Россия",Nominatim/OpenStreetMap,28900,Samara,RU,SA,17502.2,516.0,Meteostat nearest/coverage search,station_observations,nearest_station_with_min_coverage_days,ok_exact_v2_reference
НОВОРОССИЙСК,city,132.0,old_project_population_reference,344000,344.0,Росстат 2024,/Users/aleksan.korenkov/Work/01_ML_projects/03_ML_MMM/00_Data/00_Data_final_for_MMM/01_Raw_Data/population_geo_rosstat_for_MMM.xlsx,,2024-01-01/old_project_reference,old_project_rosstat_reference,,,,,,,,,,,,,,,,old_weather_reference_available,old_weather_features_parquet,old_weather_geo_exact_available,ok_old_project_reference
НОВОСИБИРСК,city,397.0,old_project_population_reference,1635000,1635.0,Росстат 2024,/Users/aleksan.korenkov/Work/01_ML_projects/03_ML_MMM/00_Data/00_Data_final_for_MMM/01_Raw_Data/population_geo_rosstat_for_MMM.xlsx,,2024-01-01/old_project_reference,old_project_rosstat_reference,,,,,,,,,,,,,,,,old_weather_reference_available,old_weather_features_parquet,old_weather_geo_exact_available,ok_old_project_reference
НОВОСИБИРСКАЯ ОБЛАСТЬ,region,688.0,old_project_population_reference,2798000,2798.0,Росстат 2024,/Users/aleksan.korenkov/Work/01_ML_projects/03_ML_MMM/00_Data/00_Data_final_for_MMM/01_Raw_Data/population_geo_rosstat_for_MMM.xlsx,,2024-01-01/old_project_reference,old_project_rosstat_reference,,,,,,,,,,,,,,,,old_weather_reference_available,old_weather_features_parquet,old_weather_geo_exact_available,ok_old_project_reference
НОВОЧЕБОКСАРСК,city,45.0,media_mapping_dwh_store_cnt,120361,120.361,"Росстат 2025, муниципальные образования",/Users/aleksan.korenkov/Work/01_ML_projects/03_ML_MMM/00_Data/00_Data_final_for_MMM_v2/01_Raw_Data_v2/rosstat_chisl_mo_01-01-2025.xlsx,https://rosstat.gov.ru/storage/mediabank/Сhisl_MO_01-01-2025.xlsx,2025-01-01,official_rosstat_municipal_2025,977100000011003, г Новочебоксарск,120361.0,0.0,"Новочебоксарск, Россия",56.122651,47.4920123,"Новочебоксарск, городской округ Новочебоксарск, Чувашия, Приволжский федеральный округ, Россия",Nominatim/OpenStreetMap,UWKS0,Cheboksary / Sin’yaly,RU,CU,9833.8,514.0,Meteostat nearest/coverage search,station_observations,nearest_station_with_min_coverage_days,ok_exact_v2_reference
НОВОЧЕРКАССК,city,57.0,media_mapping_dwh_store_cnt,161060,161.06,"Росстат 2025, муниципальные образования",/Users/aleksan.korenkov/Work/01_ML_projects/03_ML_MMM/00_Data/00_Data_final_for_MMM_v2/01_Raw_Data_v2/rosstat_chisl_mo_01-01-2025.xlsx,https://rosstat.gov.ru/storage/mediabank/Сhisl_MO_01-01-2025.xlsx,2025-01-01,official_rosstat_municipal_2025,607270000011002,г Новочеркасск,161060.0,0.0,"Новочеркасск, Россия",47.41066,40.101986,"городской округ Новочеркасск, Ростовская область, Южный федеральный округ, Россия",Nominatim/OpenStreetMap,34731,Rostov-Na-Donu,RU,ROS,26802.4,516.0,Meteostat nearest/coverage search,station_observations,nearest_station_with_min_coverage_days,ok_exact_v2_reference
ОЛЕНЕГОРСК,city,11.0,old_project_population_reference,18000,18.0,Росстат 2024,/Users/aleksan.korenkov/Work/01_ML_projects/03_ML_MMM/00_Data/00_Data_final_for_MMM/01_Raw_Data/population_geo_rosstat_for_MMM.xlsx,,2024-01-01/old_project_reference,old_project_rosstat_reference,,,,,,,,,,,,,,,,old_weather_reference_available,old_weather_features_parquet,old_weather_geo_exact_available,ok_old_project_reference
ОМСК,city,224.0,old_project_population_reference,1126000,1126.0,Росстат 2024,/Users/aleksan.korenkov/Work/01_ML_projects/03_ML_MMM/00_Data/00_Data_final_for_MMM/01_Raw_Data/population_geo_rosstat_for_MMM.xlsx,,2024-01-01/old_project_reference,old_project_rosstat_reference,,,,,,,,,,,,,,,,old_weather_reference_available,old_weather_features_parquet,old_weather_geo_exact_available,ok_old_project_reference
ОМСКАЯ ОБЛАСТЬ,region,317.0,old_project_population_reference,1843000,1843.0,Росстат 2024,/Users/aleksan.korenkov/Work/01_ML_projects/03_ML_MMM/00_Data/00_Data_final_for_MMM/01_Raw_Data/population_geo_rosstat_for_MMM.xlsx,,2024-01-01/old_project_reference,old_project_rosstat_reference,,,,,,,,,,,,,,,,old_weather_reference_available,old_weather_features_parquet,old_weather_geo_exact_available,ok_old_project_reference
ОРЕЛ,city,172.0,old_project_population_reference,303000,303.0,Росстат 2024,/Users/aleksan.korenkov/Work/01_ML_projects/03_ML_MMM/00_Data/00_Data_final_for_MMM/01_Raw_Data/population_geo_rosstat_for_MMM.xlsx,,2024-01-01/old_project_reference,old_project_rosstat_reference,,,,,,,,,,,,,,,,old_weather_reference_available,old_weather_features_parquet,old_weather_geo_exact_available,ok_old_project_reference
ОРЕНБУРГ,city,275.0,old_project_population_reference,572000,572.0,Росстат 2024,/Users/aleksan.korenkov/Work/01_ML_projects/03_ML_MMM/00_Data/00_Data_final_for_MMM/01_Raw_Data/population_geo_rosstat_for_MMM.xlsx,,2024-01-01/old_project_reference,old_project_rosstat_reference,,,,,,,,,,,,,,,,old_weather_reference_available,old_weather_features_parquet,old_weather_geo_exact_available,ok_old_project_reference
ОРЕНБУРГСКАЯ ОБЛАСТЬ,region,594.0,old_project_population_reference,1870000,1870.0,Росстат 2024,/Users/aleksan.korenkov/Work/01_ML_projects/03_ML_MMM/00_Data/00_Data_final_for_MMM/01_Raw_Data/population_geo_rosstat_for_MMM.xlsx,,2024-01-01/old_project_reference,old_project_rosstat_reference,,,,,,,,,,,,,,,,old_weather_reference_available,old_weather_features_parquet,old_weather_geo_exact_available,ok_old_project_reference
ОРЛОВСКАЯ ОБЛАСТЬ,region,290.0,old_project_population_reference,694000,694.0,Росстат 2024,/Users/aleksan.korenkov/Work/01_ML_projects/03_ML_MMM/00_Data/00_Data_final_for_MMM/01_Raw_Data/population_geo_rosstat_for_MMM.xlsx,,2024-01-01/old_project_reference,old_project_rosstat_reference,,,,,,,,,,,,,,,,old_weather_reference_available,old_weather_features_parquet,old_weather_geo_exact_available,ok_old_project_reference
ОСТАШЕВО,locality,4.0,old_project_population_reference,1000,1.0,Росстат 2024,/Users/aleksan.korenkov/Work/01_ML_projects/03_ML_MMM/00_Data/00_Data_final_for_MMM/01_Raw_Data/population_geo_rosstat_for_MMM.xlsx,,2024-01-01/old_project_reference,old_project_rosstat_reference,,,,,,,,,,,,,,,,old_weather_reference_available,old_weather_features_parquet,old_weather_geo_exact_available,ok_old_project_reference
ОСТРОВ,city,10.0,old_project_population_reference,20000,20.0,Росстат 2024,/Users/aleksan.korenkov/Work/01_ML_projects/03_ML_MMM/00_Data/00_Data_final_for_MMM/01_Raw_Data/population_geo_rosstat_for_MMM.xlsx,,2024-01-01/old_project_reference,old_project_rosstat_reference,,,,,,,,,,,,,,,,old_weather_reference_available,old_weather_features_parquet,old_weather_geo_exact_available,ok_old_project_reference
ПАРТИЗАНСК,city,6.0,media_mapping_dwh_store_cnt,32635,32.635,"Росстат 2025, муниципальные образования",/Users/aleksan.korenkov/Work/01_ML_projects/03_ML_MMM/00_Data/00_Data_final_for_MMM_v2/01_Raw_Data_v2/rosstat_chisl_mo_01-01-2025.xlsx,https://rosstat.gov.ru/storage/mediabank/Сhisl_MO_01-01-2025.xlsx,2025-01-01,official_rosstat_municipal_2025,057170000011000,г Партизанск,32635.0,0.0,"Партизанск, Россия",43.1199311,133.122886,"Партизанск, муниципальный округ Партизанск, Приморский край, Дальневосточный федеральный округ, Россия",Nominatim/OpenStreetMap,31987,Partizansk,RU,PRI,9242.3,513.0,Meteostat nearest/coverage search,station_observations,nearest_station_with_min_coverage_days,ok_exact_v2_reference
ПЕНЗА,city,122.0,old_project_population_reference,503000,503.0,Росстат 2024,/Users/aleksan.korenkov/Work/01_ML_projects/03_ML_MMM/00_Data/00_Data_final_for_MMM/01_Raw_Data/population_geo_rosstat_for_MMM.xlsx,,2024-01-01/old_project_reference,old_project_rosstat_reference,,,,,,,,,,,,,,,,old_weather_reference_available,old_weather_features_parquet,old_weather_geo_exact_available,ok_old_project_reference
ПЕНЗЕНСКАЯ ОБЛАСТЬ,region,291.0,old_project_population_reference,1248000,1248.0,Росстат 2024,/Users/aleksan.korenkov/Work/01_ML_projects/03_ML_MMM/00_Data/00_Data_final_for_MMM/01_Raw_Data/population_geo_rosstat_for_MMM.xlsx,,2024-01-01/old_project_reference,old_project_rosstat_reference,,,,,,,,,,,,,,,,old_weather_reference_available,old_weather_features_parquet,old_weather_geo_exact_available,ok_old_project_reference
ПЕРЕСЛАВЛЬ-ЗАЛЕССКИЙ,city,16.0,old_project_population_reference,37000,37.0,Росстат 2024,/Users/aleksan.korenkov/Work/01_ML_projects/03_ML_MMM/00_Data/00_Data_final_for_MMM/01_Raw_Data/population_geo_rosstat_for_MMM.xlsx,,2024-01-01/old_project_reference,old_project_rosstat_reference,,,,,,,,,,,,,,,,old_weather_reference_available,old_weather_features_parquet,old_weather_geo_exact_available,ok_old_project_reference
ПЕРМСКИЙ КРАЙ,region,1094.0,old_project_population_reference,2534000,2534.0,Росстат 2024,/Users/aleksan.korenkov/Work/01_ML_projects/03_ML_MMM/00_Data/00_Data_final_for_MMM/01_Raw_Data/population_geo_rosstat_for_MMM.xlsx,,2024-01-01/old_project_reference,old_project_rosstat_reference,,,,,,,,,,,,,,,,old_weather_reference_available,old_weather_features_parquet,old_weather_geo_exact_available,ok_old_project_reference
ПЕРМЬ,city,538.0,old_project_population_reference,1028000,1028.0,Росстат 2024,/Users/aleksan.korenkov/Work/01_ML_projects/03_ML_MMM/00_Data/00_Data_final_for_MMM/01_Raw_Data/population_geo_rosstat_for_MMM.xlsx,,2024-01-01/old_project_reference,old_project_rosstat_reference,,,,,,,,,,,,,,,,old_weather_reference_available,old_weather_features_parquet,old_weather_geo_exact_available,ok_old_project_reference
ПЕТРОЗАВОДСК,city,80.0,old_project_population_reference,271000,271.0,Росстат 2024,/Users/aleksan.korenkov/Work/01_ML_projects/03_ML_MMM/00_Data/00_Data_final_for_MMM/01_Raw_Data/population_geo_rosstat_for_MMM.xlsx,,2024-01-01/old_project_reference,old_project_rosstat_reference,,,,,,,,,,,,,,,,old_weather_reference_available,old_weather_features_parquet,old_weather_geo_exact_available,ok_old_project_reference
ПОДОЛЬСК,city,157.0,old_project_population_reference,312000,312.0,Росстат 2024,/Users/aleksan.korenkov/Work/01_ML_projects/03_ML_MMM/00_Data/00_Data_final_for_MMM/01_Raw_Data/population_geo_rosstat_for_MMM.xlsx,,2024-01-01/old_project_reference,old_project_rosstat_reference,,,,,,,,,,,,,,,,old_weather_reference_available,old_weather_features_parquet,old_weather_geo_exact_available,ok_old_project_reference
ПСКОВ,city,90.0,old_project_population_reference,207000,207.0,Росстат 2024,/Users/aleksan.korenkov/Work/01_ML_projects/03_ML_MMM/00_Data/00_Data_final_for_MMM/01_Raw_Data/population_geo_rosstat_for_MMM.xlsx,,2024-01-01/old_project_reference,old_project_rosstat_reference,,,,,,,,,,,,,,,,old_weather_reference_available,old_weather_features_parquet,old_weather_geo_exact_available,ok_old_project_reference
ПСКОВСКАЯ ОБЛАСТЬ,region,223.0,old_project_population_reference,584000,584.0,Росстат 2024,/Users/aleksan.korenkov/Work/01_ML_projects/03_ML_MMM/00_Data/00_Data_final_for_MMM/01_Raw_Data/population_geo_rosstat_for_MMM.xlsx,,2024-01-01/old_project_reference,old_project_rosstat_reference,,,,,,,,,,,,,,,,old_weather_reference_available,old_weather_features_parquet,old_weather_geo_exact_available,ok_old_project_reference
ПЯТИГОРСК,city,46.0,media_mapping_dwh_store_cnt,142895,142.895,"Росстат 2025, муниципальные образования",/Users/aleksan.korenkov/Work/01_ML_projects/03_ML_MMM/00_Data/00_Data_final_for_MMM_v2/01_Raw_Data_v2/rosstat_chisl_mo_01-01-2025.xlsx,https://rosstat.gov.ru/storage/mediabank/Сhisl_MO_01-01-2025.xlsx,2025-01-01,official_rosstat_municipal_2025,077270000011003,г Пятигорск,142895.0,0.0,"Пятигорск, Россия",44.039775,43.0706669,"Пятигорск, городской округ Пятигорск, Ставропольский край, Северо-Кавказский федеральный округ, Россия",Nominatim/OpenStreetMap,37054,Mineral'Nye Vody,RU,STA,21521.3,515.0,Meteostat nearest/coverage search,station_observations,nearest_station_with_min_coverage_days,ok_exact_v2_reference
РАМЕНСКОЕ,city,142.0,warehouse_city_store_cnt_sum,117115,117.115,"Росстат 2025, муниципальные образования",/Users/aleksan.korenkov/Work/01_ML_projects/03_ML_MMM/00_Data/00_Data_final_for_MMM_v2/01_Raw_Data_v2/rosstat_chisl_mo_01-01-2025.xlsx,https://rosstat.gov.ru/storage/mediabank/Сhisl_MO_01-01-2025.xlsx,2025-01-01,official_rosstat_municipal_2025,467680000011003,г Раменское,117115.0,0.0,"Раменское, Россия",55.5709361,38.2282099,"Раменское, Раменский муниципальный округ, Московская область, Центральный федеральный округ, 140100, Россия",Nominatim/OpenStreetMap,UUBW0,Moscow / Novoye Selo / Pervomayka,RU,MOS,5441.4,507.0,Meteostat nearest/coverage search,station_observations,nearest_station_with_min_coverage_days,ok_exact_v2_reference
РЕСПУБЛИКА АДЫГЕЯ,region,145.0,old_project_population_reference,496000,496.0,Росстат 2024,/Users/aleksan.korenkov/Work/01_ML_projects/03_ML_MMM/00_Data/00_Data_final_for_MMM/01_Raw_Data/population_geo_rosstat_for_MMM.xlsx,,2024-01-01/old_project_reference,old_project_rosstat_reference,,,,,,,,,,,,,,,,old_weather_reference_available,old_weather_features_parquet,old_weather_geo_exact_available,ok_old_project_reference
РЕСПУБЛИКА БАШКОРТОСТАН,region,1113.0,old_project_population_reference,3992000,3992.0,Росстат 2024,/Users/aleksan.korenkov/Work/01_ML_projects/03_ML_MMM/00_Data/00_Data_final_for_MMM/01_Raw_Data/population_geo_rosstat_for_MMM.xlsx,,2024-01-01/old_project_reference,old_project_rosstat_reference,,,,,,,,,,,,,,,,old_weather_reference_available,old_weather_features_parquet,old_weather_geo_exact_available,ok_old_project_reference
РЕСПУБЛИКА БУРЯТИЯ,region,61.0,old_project_population_reference,987000,987.0,Росстат 2024,/Users/aleksan.korenkov/Work/01_ML_projects/03_ML_MMM/00_Data/00_Data_final_for_MMM/01_Raw_Data/population_geo_rosstat_for_MMM.xlsx,,2024-01-01/old_project_reference,old_project_rosstat_reference,,,,,,,,,,,,,,,,old_weather_reference_available,old_weather_features_parquet,old_weather_geo_exact_available,ok_old_project_reference
РЕСПУБЛИКА КАЛМЫКИЯ,region,46.0,old_project_population_reference,262000,262.0,Росстат 2024,/Users/aleksan.korenkov/Work/01_ML_projects/03_ML_MMM/00_Data/00_Data_final_for_MMM/01_Raw_Data/population_geo_rosstat_for_MMM.xlsx,,2024-01-01/old_project_reference,old_project_rosstat_reference,,,,,,,,,,,,,,,,old_weather_reference_available,old_weather_features_parquet,old_weather_geo_exact_available,ok_old_project_reference
РЕСПУБЛИКА КАРЕЛИЯ,region,186.0,old_project_population_reference,522000,522.0,Росстат 2024,/Users/aleksan.korenkov/Work/01_ML_projects/03_ML_MMM/00_Data/00_Data_final_for_MMM/01_Raw_Data/population_geo_rosstat_for_MMM.xlsx,,2024-01-01/old_project_reference,old_project_rosstat_reference,,,,,,,,,,,,,,,,old_weather_reference_available,old_weather_features_parquet,old_weather_geo_exact_available,ok_old_project_reference
РЕСПУБЛИКА КОМИ,region,181.0,old_project_population_reference,741000,741.0,Росстат 2024,/Users/aleksan.korenkov/Work/01_ML_projects/03_ML_MMM/00_Data/00_Data_final_for_MMM/01_Raw_Data/population_geo_rosstat_for_MMM.xlsx,,2024-01-01/old_project_reference,old_project_rosstat_reference,,,,,,,,,,,,,,,,old_weather_reference_available,old_weather_features_parquet,old_weather_geo_exact_available,ok_old_project_reference
РЕСПУБЛИКА МАРИЙ ЭЛ,region,197.0,old_project_population_reference,662000,662.0,Росстат 2024,/Users/aleksan.korenkov/Work/01_ML_projects/03_ML_MMM/00_Data/00_Data_final_for_MMM/01_Raw_Data/population_geo_rosstat_for_MMM.xlsx,,2024-01-01/old_project_reference,old_project_rosstat_reference,,,,,,,,,,,,,,,,old_weather_reference_available,old_weather_features_parquet,old_weather_geo_exact_available,ok_old_project_reference
РЕСПУБЛИКА МОРДОВИЯ,region,151.0,old_project_population_reference,765000,765.0,Росстат 2024,/Users/aleksan.korenkov/Work/01_ML_projects/03_ML_MMM/00_Data/00_Data_final_for_MMM/01_Raw_Data/population_geo_rosstat_for_MMM.xlsx,,2024-01-01/old_project_reference,old_project_rosstat_reference,,,,,,,,,,,,,,,,old_weather_reference_available,old_weather_features_parquet,old_weather_geo_exact_available,ok_old_project_reference
РЕСПУБЛИКА СЕВЕРНАЯ ОСЕТИЯ,region,62.0,old_project_population_reference,679000,679.0,Росстат 2024,/Users/aleksan.korenkov/Work/01_ML_projects/03_ML_MMM/00_Data/00_Data_final_for_MMM/01_Raw_Data/population_geo_rosstat_for_MMM.xlsx,,2024-01-01/old_project_reference,old_project_rosstat_reference,,,,,,,,,,,,,,,,old_weather_reference_available,old_weather_features_parquet,old_weather_geo_exact_available,ok_old_project_reference
РЕСПУБЛИКА ТАТАРСТАН,region,1345.0,old_project_population_reference,3903000,3903.0,Росстат 2024,/Users/aleksan.korenkov/Work/01_ML_projects/03_ML_MMM/00_Data/00_Data_final_for_MMM/01_Raw_Data/population_geo_rosstat_for_MMM.xlsx,,2024-01-01/old_project_reference,old_project_rosstat_reference,,,,,,,,,,,,,,,,old_weather_reference_available,old_weather_features_parquet,old_weather_geo_exact_available,ok_old_project_reference
РЕСПУБЛИКА УДМУРТИЯ,region,463.0,old_project_population_reference,1464000,1464.0,Росстат 2024,/Users/aleksan.korenkov/Work/01_ML_projects/03_ML_MMM/00_Data/00_Data_final_for_MMM/01_Raw_Data/population_geo_rosstat_for_MMM.xlsx,,2024-01-01/old_project_reference,old_project_rosstat_reference,,,,,,,,,,,,,,,,old_weather_reference_available,old_weather_features_parquet,old_weather_geo_exact_available,ok_old_project_reference
РЕСПУБЛИКА ЧУВАШИЯ,region,324.0,old_project_population_reference,1161000,1161.0,Росстат 2024,/Users/aleksan.korenkov/Work/01_ML_projects/03_ML_MMM/00_Data/00_Data_final_for_MMM/01_Raw_Data/population_geo_rosstat_for_MMM.xlsx,,2024-01-01/old_project_reference,old_project_rosstat_reference,,,,,,,,,,,,,,,,old_weather_reference_available,old_weather_features_parquet,old_weather_geo_exact_available,ok_old_project_reference
РОСТОВ-НА-ДОНУ,city,468.0,old_project_population_reference,1143000,1143.0,Росстат 2024,/Users/aleksan.korenkov/Work/01_ML_projects/03_ML_MMM/00_Data/00_Data_final_for_MMM/01_Raw_Data/population_geo_rosstat_for_MMM.xlsx,,2024-01-01/old_project_reference,old_project_rosstat_reference,,,,,,,,,,,,,,,,old_weather_reference_available,old_weather_features_parquet,old_weather_geo_exact_available,ok_old_project_reference
РОСТОВСКАЯ ОБЛАСТЬ,region,1450.0,old_project_population_reference,4138000,4138.0,Росстат 2024,/Users/aleksan.korenkov/Work/01_ML_projects/03_ML_MMM/00_Data/00_Data_final_for_MMM/01_Raw_Data/population_geo_rosstat_for_MMM.xlsx,,2024-01-01/old_project_reference,old_project_rosstat_reference,,,,,,,,,,,,,,,,old_weather_reference_available,old_weather_features_parquet,old_weather_geo_exact_available,ok_old_project_reference
РЫБИНСК,city,76.0,old_project_population_reference,172000,172.0,Росстат 2024,/Users/aleksan.korenkov/Work/01_ML_projects/03_ML_MMM/00_Data/00_Data_final_for_MMM/01_Raw_Data/population_geo_rosstat_for_MMM.xlsx,,2024-01-01/old_project_reference,old_project_rosstat_reference,,,,,,,,,,,,,,,,old_weather_reference_available,old_weather_features_parquet,old_weather_geo_exact_available,ok_old_project_reference
РЯЗАНЬ,city,241.0,old_project_population_reference,524000,524.0,Росстат 2024,/Users/aleksan.korenkov/Work/01_ML_projects/03_ML_MMM/00_Data/00_Data_final_for_MMM/01_Raw_Data/population_geo_rosstat_for_MMM.xlsx,,2024-01-01/old_project_reference,old_project_rosstat_reference,,,,,,,,,,,,,,,,old_weather_reference_available,old_weather_features_parquet,old_weather_geo_exact_available,ok_old_project_reference
САМАРА,city,522.0,old_project_population_reference,1164000,1164.0,Росстат 2024,/Users/aleksan.korenkov/Work/01_ML_projects/03_ML_MMM/00_Data/00_Data_final_for_MMM/01_Raw_Data/population_geo_rosstat_for_MMM.xlsx,,2024-01-01/old_project_reference,old_project_rosstat_reference,,,,,,,,,,,,,,,,old_weather_reference_available,old_weather_features_parquet,old_weather_geo_exact_available,ok_old_project_reference
САМАРСКАЯ ОБЛАСТЬ,region,1180.0,old_project_population_reference,3115000,3115.0,Росстат 2024,/Users/aleksan.korenkov/Work/01_ML_projects/03_ML_MMM/00_Data/00_Data_final_for_MMM/01_Raw_Data/population_geo_rosstat_for_MMM.xlsx,,2024-01-01/old_project_reference,old_project_rosstat_reference,,,,,,,,,,,,,,,,old_weather_reference_available,old_weather_features_parquet,old_weather_geo_exact_available,ok_old_project_reference
САНКТ-ПЕТЕРБУРГ,region,1122.0,old_project_population_reference,5600000,5600.0,Росстат 2024,/Users/aleksan.korenkov/Work/01_ML_projects/03_ML_MMM/00_Data/00_Data_final_for_MMM/01_Raw_Data/population_geo_rosstat_for_MMM.xlsx,,2024-01-01/old_project_reference,old_project_rosstat_reference,,,,,,,,,,,,,,,,old_weather_reference_available,old_weather_features_parquet,old_weather_geo_exact_available,ok_old_project_reference
САРАНСК,city,67.0,old_project_population_reference,302000,302.0,Росстат 2024,/Users/aleksan.korenkov/Work/01_ML_projects/03_ML_MMM/00_Data/00_Data_final_for_MMM/01_Raw_Data/population_geo_rosstat_for_MMM.xlsx,,2024-01-01/old_project_reference,old_project_rosstat_reference,,,,,,,,,,,,,,,,old_weather_reference_available,old_weather_features_parquet,old_weather_geo_exact_available,ok_old_project_reference
САРАТОВ,city,332.0,old_project_population_reference,808000,808.0,Росстат 2024,/Users/aleksan.korenkov/Work/01_ML_projects/03_ML_MMM/00_Data/00_Data_final_for_MMM/01_Raw_Data/population_geo_rosstat_for_MMM.xlsx,,2024-01-01/old_project_reference,old_project_rosstat_reference,,,,,,,,,,,,,,,,old_weather_reference_available,old_weather_features_parquet,old_weather_geo_exact_available,ok_old_project_reference
САРАТОВСКАЯ ОБЛАСТЬ,region,737.0,old_project_population_reference,2314000,2314.0,Росстат 2024,/Users/aleksan.korenkov/Work/01_ML_projects/03_ML_MMM/00_Data/00_Data_final_for_MMM/01_Raw_Data/population_geo_rosstat_for_MMM.xlsx,,2024-01-01/old_project_reference,old_project_rosstat_reference,,,,,,,,,,,,,,,,old_weather_reference_available,old_weather_features_parquet,old_weather_geo_exact_available,ok_old_project_reference
СВЕРДЛОВСКАЯ ОБЛАСТЬ,region,1480.0,old_project_population_reference,4237000,4237.0,Росстат 2024,/Users/aleksan.korenkov/Work/01_ML_projects/03_ML_MMM/00_Data/00_Data_final_for_MMM/01_Raw_Data/population_geo_rosstat_for_MMM.xlsx,,2024-01-01/old_project_reference,old_project_rosstat_reference,,,,,,,,,,,,,,,,old_weather_reference_available,old_weather_features_parquet,old_weather_geo_exact_available,ok_old_project_reference
СЕВЕРОДВИНСК,city,45.0,old_project_population_reference,169000,169.0,Росстат 2024,/Users/aleksan.korenkov/Work/01_ML_projects/03_ML_MMM/00_Data/00_Data_final_for_MMM/01_Raw_Data/population_geo_rosstat_for_MMM.xlsx,,2024-01-01/old_project_reference,old_project_rosstat_reference,,,,,,,,,,,,,,,,old_weather_reference_available,old_weather_features_parquet,old_weather_geo_exact_available,ok_old_project_reference
СЛАВЯНСК-НА-КУБАНИ,city,22.0,media_mapping_dwh_store_cnt,60780,60.78,"Росстат 2025, муниципальные образования",/Users/aleksan.korenkov/Work/01_ML_projects/03_ML_MMM/00_Data/00_Data_final_for_MMM_v2/01_Raw_Data_v2/rosstat_chisl_mo_01-01-2025.xlsx,https://rosstat.gov.ru/storage/mediabank/Сhisl_MO_01-01-2025.xlsx,2025-01-01,official_rosstat_municipal_2025,036451010011000,г Славянск-на-Кубани,60780.0,0.0,"Славянск-На-Кубани, Россия",45.2492346,38.1092674,"Славянск-на-Кубани, Славянский район, Краснодарский край, Южный федеральный округ, 353560, Россия",Nominatim/OpenStreetMap,34924,Slavjansk-Na-Kubani,RU,KDA,3832.3,506.0,Meteostat nearest/coverage search,station_observations,nearest_station_with_min_coverage_days,ok_exact_v2_reference
СМОЛЕНСК,city,106.0,old_project_population_reference,316000,316.0,Росстат 2024,/Users/aleksan.korenkov/Work/01_ML_projects/03_ML_MMM/00_Data/00_Data_final_for_MMM/01_Raw_Data/population_geo_rosstat_for_MMM.xlsx,,2024-01-01/old_project_reference,old_project_rosstat_reference,,,,,,,,,,,,,,,,old_weather_reference_available,old_weather_features_parquet,old_weather_geo_exact_available,ok_old_project_reference
СОКОЛ,city,13.0,old_project_population_reference,35000,35.0,Росстат 2024,/Users/aleksan.korenkov/Work/01_ML_projects/03_ML_MMM/00_Data/00_Data_final_for_MMM/01_Raw_Data/population_geo_rosstat_for_MMM.xlsx,,2024-01-01/old_project_reference,old_project_rosstat_reference,,,,,,,,,,,,,,,,old_weather_reference_available,old_weather_features_parquet,old_weather_geo_exact_available,ok_old_project_reference
СОЛНЕЧНОГОРСК,city,112.0,old_project_population_reference,63000,63.0,Росстат 2024,/Users/aleksan.korenkov/Work/01_ML_projects/03_ML_MMM/00_Data/00_Data_final_for_MMM/01_Raw_Data/population_geo_rosstat_for_MMM.xlsx,,2024-01-01/old_project_reference,old_project_rosstat_reference,,,,,,,,,,,,,,,,old_weather_reference_available,old_weather_features_parquet,old_weather_geo_exact_available,ok_old_project_reference
СОЧИ,city,252.0,old_project_population_reference,468000,468.0,Росстат 2024,/Users/aleksan.korenkov/Work/01_ML_projects/03_ML_MMM/00_Data/00_Data_final_for_MMM/01_Raw_Data/population_geo_rosstat_for_MMM.xlsx,,2024-01-01/old_project_reference,old_project_rosstat_reference,,,,,,,,,,,,,,,,old_weather_reference_available,old_weather_features_parquet,old_weather_geo_exact_available,ok_old_project_reference
СТАВРОПОЛЬ,city,221.0,old_project_population_reference,459000,459.0,Росстат 2024,/Users/aleksan.korenkov/Work/01_ML_projects/03_ML_MMM/00_Data/00_Data_final_for_MMM/01_Raw_Data/population_geo_rosstat_for_MMM.xlsx,,2024-01-01/old_project_reference,old_project_rosstat_reference,,,,,,,,,,,,,,,,old_weather_reference_available,old_weather_features_parquet,old_weather_geo_exact_available,ok_old_project_reference
СТАВРОПОЛЬСКИЙ КРАЙ,region,699.0,old_project_population_reference,2820000,2820.0,Росстат 2024,/Users/aleksan.korenkov/Work/01_ML_projects/03_ML_MMM/00_Data/00_Data_final_for_MMM/01_Raw_Data/population_geo_rosstat_for_MMM.xlsx,,2024-01-01/old_project_reference,old_project_rosstat_reference,,,,,,,,,,,,,,,,old_weather_reference_available,old_weather_features_parquet,old_weather_geo_exact_available,ok_old_project_reference
СТАРЫЙ ОСКОЛ,city,91.0,old_project_population_reference,222000,222.0,Росстат 2024,/Users/aleksan.korenkov/Work/01_ML_projects/03_ML_MMM/00_Data/00_Data_final_for_MMM/01_Raw_Data/population_geo_rosstat_for_MMM.xlsx,,2024-01-01/old_project_reference,old_project_rosstat_reference,,,,,,,,,,,,,,,,old_weather_reference_available,old_weather_features_parquet,old_weather_geo_exact_available,ok_old_project_reference
СУРГУТ,city,77.0,old_project_population_reference,397000,397.0,Росстат 2024,/Users/aleksan.korenkov/Work/01_ML_projects/03_ML_MMM/00_Data/00_Data_final_for_MMM/01_Raw_Data/population_geo_rosstat_for_MMM.xlsx,,2024-01-01/old_project_reference,old_project_rosstat_reference,,,,,,,,,,,,,,,,old_weather_reference_available,old_weather_features_parquet,old_weather_geo_exact_available,ok_old_project_reference
СЫКТЫВКАР,city,66.0,old_project_population_reference,244000,244.0,Росстат 2024,/Users/aleksan.korenkov/Work/01_ML_projects/03_ML_MMM/00_Data/00_Data_final_for_MMM/01_Raw_Data/population_geo_rosstat_for_MMM.xlsx,,2024-01-01/old_project_reference,old_project_rosstat_reference,,,,,,,,,,,,,,,,old_weather_reference_available,old_weather_features_parquet,old_weather_geo_exact_available,ok_old_project_reference
ТАГАНРОГ,city,120.0,media_mapping_dwh_store_cnt,240055,240.055,"Росстат 2025, муниципальные образования",/Users/aleksan.korenkov/Work/01_ML_projects/03_ML_MMM/00_Data/00_Data_final_for_MMM_v2/01_Raw_Data_v2/rosstat_chisl_mo_01-01-2025.xlsx,https://rosstat.gov.ru/storage/mediabank/Сhisl_MO_01-01-2025.xlsx,2025-01-01,official_rosstat_municipal_2025,607370000011002,г Таганрог,240055.0,0.0,"Таганрог, Россия",47.215495,38.928362,"городской округ Таганрог, Ростовская область, Южный федеральный округ, Россия",Nominatim/OpenStreetMap,34720,Taganrog,RU,ROS,2749.3,511.0,Meteostat nearest/coverage search,station_observations,nearest_station_with_min_coverage_days,ok_exact_v2_reference
ТАМБОВ,city,140.0,old_project_population_reference,291000,291.0,Росстат 2024,/Users/aleksan.korenkov/Work/01_ML_projects/03_ML_MMM/00_Data/00_Data_final_for_MMM/01_Raw_Data/population_geo_rosstat_for_MMM.xlsx,,2024-01-01/old_project_reference,old_project_rosstat_reference,,,,,,,,,,,,,,,,old_weather_reference_available,old_weather_features_parquet,old_weather_geo_exact_available,ok_old_project_reference
ТАМБОВСКАЯ ОБЛАСТЬ,region,365.0,old_project_population_reference,952000,952.0,Росстат 2024,/Users/aleksan.korenkov/Work/01_ML_projects/03_ML_MMM/00_Data/00_Data_final_for_MMM/01_Raw_Data/population_geo_rosstat_for_MMM.xlsx,,2024-01-01/old_project_reference,old_project_rosstat_reference,,,,,,,,,,,,,,,,old_weather_reference_available,old_weather_features_parquet,old_weather_geo_exact_available,ok_old_project_reference
ТВЕРСКАЯ ОБЛАСТЬ,region,457.0,old_project_population_reference,1189000,1189.0,Росстат 2024,/Users/aleksan.korenkov/Work/01_ML_projects/03_ML_MMM/00_Data/00_Data_final_for_MMM/01_Raw_Data/population_geo_rosstat_for_MMM.xlsx,,2024-01-01/old_project_reference,old_project_rosstat_reference,,,,,,,,,,,,,,,,old_weather_reference_available,old_weather_features_parquet,old_weather_geo_exact_available,ok_old_project_reference
ТВЕРЬ,city,182.0,old_project_population_reference,425000,425.0,Росстат 2024,/Users/aleksan.korenkov/Work/01_ML_projects/03_ML_MMM/00_Data/00_Data_final_for_MMM/01_Raw_Data/population_geo_rosstat_for_MMM.xlsx,,2024-01-01/old_project_reference,old_project_rosstat_reference,,,,,,,,,,,,,,,,old_weather_reference_available,old_weather_features_parquet,old_weather_geo_exact_available,ok_old_project_reference
ТИМАШЕВСК,city,25.0,media_mapping_dwh_store_cnt,51101,51.101,"Росстат 2025, муниципальные образования",/Users/aleksan.korenkov/Work/01_ML_projects/03_ML_MMM/00_Data/00_Data_final_for_MMM_v2/01_Raw_Data_v2/rosstat_chisl_mo_01-01-2025.xlsx,https://rosstat.gov.ru/storage/mediabank/Сhisl_MO_01-01-2025.xlsx,2025-01-01,official_rosstat_municipal_2025,036531010011000,г Тимашевск,51101.0,0.0,"Тимашевск, Россия",45.6129685,38.9357743,"Тимашёвск, Тимашёвское городское поселение, Тимашёвский район, Краснодарский край, Южный федеральный округ, 352700, Россия",Nominatim/OpenStreetMap,34922,Timasevskaja,RU,KDA,2268.9,506.0,Meteostat nearest/coverage search,station_observations,nearest_station_with_min_coverage_days,ok_exact_v2_reference
ТИХОРЕЦК,city,20.0,media_mapping_dwh_store_cnt,54009,54.009,"Росстат 2025, муниципальные образования",/Users/aleksan.korenkov/Work/01_ML_projects/03_ML_MMM/00_Data/00_Data_final_for_MMM_v2/01_Raw_Data_v2/rosstat_chisl_mo_01-01-2025.xlsx,https://rosstat.gov.ru/storage/mediabank/Сhisl_MO_01-01-2025.xlsx,2025-01-01,official_rosstat_municipal_2025,036541010011000,г Тихорецк,54009.0,0.0,"Тихорецк, Россия",45.854679,40.128124,"Тихорецк, Тихорецкое городское поселение, Тихорецкий район, Краснодарский край, Южный федеральный округ, Россия",Nominatim/OpenStreetMap,34838,Tihoreck,RU,KDA,3510.3,513.0,Meteostat nearest/coverage search,station_observations,nearest_station_with_min_coverage_days,ok_exact_v2_reference
ТОЛЬЯТТИ,city,190.0,old_project_population_reference,675000,675.0,Росстат 2024,/Users/aleksan.korenkov/Work/01_ML_projects/03_ML_MMM/00_Data/00_Data_final_for_MMM/01_Raw_Data/population_geo_rosstat_for_MMM.xlsx,,2024-01-01/old_project_reference,old_project_rosstat_reference,,,,,,,,,,,,,,,,old_weather_reference_available,old_weather_features_parquet,old_weather_geo_exact_available,ok_old_project_reference
ТОМСК,city,83.0,old_project_population_reference,568000,568.0,Росстат 2024,/Users/aleksan.korenkov/Work/01_ML_projects/03_ML_MMM/00_Data/00_Data_final_for_MMM/01_Raw_Data/population_geo_rosstat_for_MMM.xlsx,,2024-01-01/old_project_reference,old_project_rosstat_reference,,,,,,,,,,,,,,,,old_weather_reference_available,old_weather_features_parquet,old_weather_geo_exact_available,ok_old_project_reference
ТОМСКАЯ ОБЛАСТЬ,region,165.0,old_project_population_reference,1074000,1074.0,Росстат 2024,/Users/aleksan.korenkov/Work/01_ML_projects/03_ML_MMM/00_Data/00_Data_final_for_MMM/01_Raw_Data/population_geo_rosstat_for_MMM.xlsx,,2024-01-01/old_project_reference,old_project_rosstat_reference,,,,,,,,,,,,,,,,old_weather_reference_available,old_weather_features_parquet,old_weather_geo_exact_available,ok_old_project_reference
ТОРЖОК,city,20.0,old_project_population_reference,42000,42.0,Росстат 2024,/Users/aleksan.korenkov/Work/01_ML_projects/03_ML_MMM/00_Data/00_Data_final_for_MMM/01_Raw_Data/population_geo_rosstat_for_MMM.xlsx,,2024-01-01/old_project_reference,old_project_rosstat_reference,,,,,,,,,,,,,,,,old_weather_reference_available,old_weather_features_parquet,old_weather_geo_exact_available,ok_old_project_reference
ТУЛА,city,228.0,old_project_population_reference,462000,462.0,Росстат 2024,/Users/aleksan.korenkov/Work/01_ML_projects/03_ML_MMM/00_Data/00_Data_final_for_MMM/01_Raw_Data/population_geo_rosstat_for_MMM.xlsx,,2024-01-01/old_project_reference,old_project_rosstat_reference,,,,,,,,,,,,,,,,old_weather_reference_available,old_weather_features_parquet,old_weather_geo_exact_available,ok_old_project_reference
ТУТАЕВ,city,15.0,old_project_population_reference,39000,39.0,Росстат 2024,/Users/aleksan.korenkov/Work/01_ML_projects/03_ML_MMM/00_Data/00_Data_final_for_MMM/01_Raw_Data/population_geo_rosstat_for_MMM.xlsx,,2024-01-01/old_project_reference,old_project_rosstat_reference,,,,,,,,,,,,,,,,old_weather_reference_available,old_weather_features_parquet,old_weather_geo_exact_available,ok_old_project_reference
ТЮМЕНСКАЯ ОБЛАСТЬ,region,437.0,old_project_population_reference,1594000,1594.0,Росстат 2024,/Users/aleksan.korenkov/Work/01_ML_projects/03_ML_MMM/00_Data/00_Data_final_for_MMM/01_Raw_Data/population_geo_rosstat_for_MMM.xlsx,,2024-01-01/old_project_reference,old_project_rosstat_reference,,,,,,,,,,,,,,,,old_weather_reference_available,old_weather_features_parquet,old_weather_geo_exact_available,ok_old_project_reference
ТЮМЕНЬ,city,284.0,old_project_population_reference,847000,847.0,Росстат 2024,/Users/aleksan.korenkov/Work/01_ML_projects/03_ML_MMM/00_Data/00_Data_final_for_MMM/01_Raw_Data/population_geo_rosstat_for_MMM.xlsx,,2024-01-01/old_project_reference,old_project_rosstat_reference,,,,,,,,,,,,,,,,old_weather_reference_available,old_weather_features_parquet,old_weather_geo_exact_available,ok_old_project_reference
УГЛИЧ,city,19.0,old_project_population_reference,31000,31.0,Росстат 2024,/Users/aleksan.korenkov/Work/01_ML_projects/03_ML_MMM/00_Data/00_Data_final_for_MMM/01_Raw_Data/population_geo_rosstat_for_MMM.xlsx,,2024-01-01/old_project_reference,old_project_rosstat_reference,,,,,,,,,,,,,,,,old_weather_reference_available,old_weather_features_parquet,old_weather_geo_exact_available,ok_old_project_reference
УДОМЛЯ,city,10.0,old_project_population_reference,26000,26.0,Росстат 2024,/Users/aleksan.korenkov/Work/01_ML_projects/03_ML_MMM/00_Data/00_Data_final_for_MMM/01_Raw_Data/population_geo_rosstat_for_MMM.xlsx,,2024-01-01/old_project_reference,old_project_rosstat_reference,,,,,,,,,,,,,,,,old_weather_reference_available,old_weather_features_parquet,old_weather_geo_exact_available,ok_old_project_reference
УЛАН-УДЭ,city,38.0,old_project_population_reference,440000,440.0,Росстат 2024,/Users/aleksan.korenkov/Work/01_ML_projects/03_ML_MMM/00_Data/00_Data_final_for_MMM/01_Raw_Data/population_geo_rosstat_for_MMM.xlsx,,2024-01-01/old_project_reference,old_project_rosstat_reference,,,,,,,,,,,,,,,,old_weather_reference_available,old_weather_features_parquet,old_weather_geo_exact_available,ok_old_project_reference
УЛЬЯНОВСК,city,181.0,old_project_population_reference,622000,622.0,Росстат 2024,/Users/aleksan.korenkov/Work/01_ML_projects/03_ML_MMM/00_Data/00_Data_final_for_MMM/01_Raw_Data/population_geo_rosstat_for_MMM.xlsx,,2024-01-01/old_project_reference,old_project_rosstat_reference,,,,,,,,,,,,,,,,old_weather_reference_available,old_weather_features_parquet,old_weather_geo_exact_available,ok_old_project_reference
УЛЬЯНОВСКАЯ ОБЛАСТЬ,region,333.0,old_project_population_reference,1173000,1173.0,Росстат 2024,/Users/aleksan.korenkov/Work/01_ML_projects/03_ML_MMM/00_Data/00_Data_final_for_MMM/01_Raw_Data/population_geo_rosstat_for_MMM.xlsx,,2024-01-01/old_project_reference,old_project_rosstat_reference,,,,,,,,,,,,,,,,old_weather_reference_available,old_weather_features_parquet,old_weather_geo_exact_available,ok_old_project_reference
УССУРИЙСК,city,21.0,media_mapping_dwh_store_cnt,178803,178.803,"Росстат 2025, муниципальные образования",/Users/aleksan.korenkov/Work/01_ML_projects/03_ML_MMM/00_Data/00_Data_final_for_MMM_v2/01_Raw_Data_v2/rosstat_chisl_mo_01-01-2025.xlsx,https://rosstat.gov.ru/storage/mediabank/Сhisl_MO_01-01-2025.xlsx,2025-01-01,official_rosstat_municipal_2025,057230000011002,г Уссурийск,178803.0,0.0,"Уссурийск, Россия",43.7972447,131.9520752,"Уссурийск, Уссурийский городской округ, Приморский край, Дальневосточный федеральный округ, 692500, Россия",Nominatim/OpenStreetMap,31961,Pokrovka,RU,PRI,20398.7,513.0,Meteostat nearest/coverage search,station_observations,nearest_station_with_min_coverage_days,ok_exact_v2_reference
УФА,city,322.0,old_project_population_reference,1130000,1130.0,Росстат 2024,/Users/aleksan.korenkov/Work/01_ML_projects/03_ML_MMM/00_Data/00_Data_final_for_MMM/01_Raw_Data/population_geo_rosstat_for_MMM.xlsx,,2024-01-01/old_project_reference,old_project_rosstat_reference,,,,,,,,,,,,,,,,old_weather_reference_available,old_weather_features_parquet,old_weather_geo_exact_available,ok_old_project_reference
УХТА,city,33.0,old_project_population_reference,92000,92.0,Росстат 2024,/Users/aleksan.korenkov/Work/01_ML_projects/03_ML_MMM/00_Data/00_Data_final_for_MMM/01_Raw_Data/population_geo_rosstat_for_MMM.xlsx,,2024-01-01/old_project_reference,old_project_rosstat_reference,,,,,,,,,,,,,,,,old_weather_reference_available,old_weather_features_parquet,old_weather_geo_exact_available,ok_old_project_reference
ФОКИНО,city,8.0,media_mapping_dwh_store_cnt,19171,19.171,"Росстат 2025, муниципальные образования",/Users/aleksan.korenkov/Work/01_ML_projects/03_ML_MMM/00_Data/00_Data_final_for_MMM_v2/01_Raw_Data_v2/rosstat_chisl_mo_01-01-2025.xlsx,https://rosstat.gov.ru/storage/mediabank/Сhisl_MO_01-01-2025.xlsx,2025-01-01,official_rosstat_municipal_2025,057470000011000,г Фокино,19171.0,0.0,"Фокино, Приморский край, Россия",42.9772084,132.404905,"Фокино, ЗАТО Фокино, Приморский край, Дальневосточный федеральный округ, Россия",Nominatim/OpenStreetMap,31960,Vladivostok,RU,PRI,41342.8,516.0,Meteostat nearest/coverage search,station_observations,nearest_station_with_min_coverage_days,ok_exact_v2_reference
ХАБАРОВСК,city,84.0,old_project_population_reference,610000,610.0,Росстат 2024,/Users/aleksan.korenkov/Work/01_ML_projects/03_ML_MMM/00_Data/00_Data_final_for_MMM/01_Raw_Data/population_geo_rosstat_for_MMM.xlsx,,2024-01-01/old_project_reference,old_project_rosstat_reference,,,,,,,,,,,,,,,,old_weather_reference_available,old_weather_features_parquet,old_weather_geo_exact_available,ok_old_project_reference
ХАБАРОВСКИЙ КРАЙ,region,200.0,old_project_population_reference,1281000,1281.0,Росстат 2024,/Users/aleksan.korenkov/Work/01_ML_projects/03_ML_MMM/00_Data/00_Data_final_for_MMM/01_Raw_Data/population_geo_rosstat_for_MMM.xlsx,,2024-01-01/old_project_reference,old_project_rosstat_reference,,,,,,,,,,,,,,,,old_weather_reference_available,old_weather_features_parquet,old_weather_geo_exact_available,ok_old_project_reference
ХАНТЫ-МАНСИЙСК,city,25.0,media_mapping_dwh_store_cnt,113663,113.663,"Росстат 2025, муниципальные образования",/Users/aleksan.korenkov/Work/01_ML_projects/03_ML_MMM/00_Data/00_Data_final_for_MMM_v2/01_Raw_Data_v2/rosstat_chisl_mo_01-01-2025.xlsx,https://rosstat.gov.ru/storage/mediabank/Сhisl_MO_01-01-2025.xlsx,2025-01-01,official_rosstat_municipal_2025,718710000011203,г Ханты-Мансийск,113663.0,0.0,"Ханты-Мансийск, Россия",61.0035254,69.0189684,"Ханты-Мансийск, городской округ Ханты-Мансийск, Ханты-Мансийский автономный округ — Югра, Уральский федеральный округ, 628000, Россия",Nominatim/OpenStreetMap,23933,Hanty-Mansijsk,RU,KHM,1656.1,515.0,Meteostat nearest/coverage search,station_observations,nearest_station_with_min_coverage_days,ok_exact_v2_reference
ХАНТЫ-МАНСИЙСКИЙ АВТОНОМНЫЙ ОКРУГ,region,321.0,old_project_population_reference,1730000,1730.0,Росстат 2024,/Users/aleksan.korenkov/Work/01_ML_projects/03_ML_MMM/00_Data/00_Data_final_for_MMM/01_Raw_Data/population_geo_rosstat_for_MMM.xlsx,,2024-01-01/old_project_reference,old_project_rosstat_reference,,,,,,,,,,,,,,,,old_weather_reference_available,old_weather_features_parquet,old_weather_geo_exact_available,ok_old_project_reference
ХИМКИ,city,154.0,old_project_population_reference,264000,264.0,Росстат 2024,/Users/aleksan.korenkov/Work/01_ML_projects/03_ML_MMM/00_Data/00_Data_final_for_MMM/01_Raw_Data/population_geo_rosstat_for_MMM.xlsx,,2024-01-01/old_project_reference,old_project_rosstat_reference,,,,,,,,,,,,,,,,old_weather_reference_available,old_weather_features_parquet,old_weather_geo_exact_available,ok_old_project_reference
ЧЕБОКСАРЫ,city,174.0,old_project_population_reference,498000,498.0,Росстат 2024,/Users/aleksan.korenkov/Work/01_ML_projects/03_ML_MMM/00_Data/00_Data_final_for_MMM/01_Raw_Data/population_geo_rosstat_for_MMM.xlsx,,2024-01-01/old_project_reference,old_project_rosstat_reference,,,,,,,,,,,,,,,,old_weather_reference_available,old_weather_features_parquet,old_weather_geo_exact_available,ok_old_project_reference
ЧЕЛЯБИНСК,city,464.0,old_project_population_reference,1180000,1180.0,Росстат 2024,/Users/aleksan.korenkov/Work/01_ML_projects/03_ML_MMM/00_Data/00_Data_final_for_MMM/01_Raw_Data/population_geo_rosstat_for_MMM.xlsx,,2024-01-01/old_project_reference,old_project_rosstat_reference,,,,,,,,,,,,,,,,old_weather_reference_available,old_weather_features_parquet,old_weather_geo_exact_available,ok_old_project_reference
ЧЕЛЯБИНСКАЯ ОБЛАСТЬ,region,1208.0,old_project_population_reference,3410000,3410.0,Росстат 2024,/Users/aleksan.korenkov/Work/01_ML_projects/03_ML_MMM/00_Data/00_Data_final_for_MMM/01_Raw_Data/population_geo_rosstat_for_MMM.xlsx,,2024-01-01/old_project_reference,old_project_rosstat_reference,,,,,,,,,,,,,,,,old_weather_reference_available,old_weather_features_parquet,old_weather_geo_exact_available,ok_old_project_reference
ЧЕРЕПОВЕЦ,city,74.0,old_project_population_reference,300000,300.0,Росстат 2024,/Users/aleksan.korenkov/Work/01_ML_projects/03_ML_MMM/00_Data/00_Data_final_for_MMM/01_Raw_Data/population_geo_rosstat_for_MMM.xlsx,,2024-01-01/old_project_reference,old_project_rosstat_reference,,,,,,,,,,,,,,,,old_weather_reference_available,old_weather_features_parquet,old_weather_geo_exact_available,ok_old_project_reference
ЧЕРКЕССК,city,16.0,media_mapping_dwh_store_cnt,112952,112.952,"Росстат 2025, муниципальные образования",/Users/aleksan.korenkov/Work/01_ML_projects/03_ML_MMM/00_Data/00_Data_final_for_MMM_v2/01_Raw_Data_v2/rosstat_chisl_mo_01-01-2025.xlsx,https://rosstat.gov.ru/storage/mediabank/Сhisl_MO_01-01-2025.xlsx,2025-01-01,official_rosstat_municipal_2025,917010000011003,г Черкесск,112952.0,0.0,"Черкесск, Россия",44.2285229,42.048257,"Черкесск, Черкесский городской округ, Карачаево-Черкесия, Северо-Кавказский федеральный округ, Россия",Nominatim/OpenStreetMap,37036,Nevinnomyssk,RU,STA,45472.6,510.0,Meteostat nearest/coverage search,station_observations,nearest_station_with_min_coverage_days,ok_exact_v2_reference
ЧИТА,city,49.0,old_project_population_reference,340000,340.0,Росстат 2024,/Users/aleksan.korenkov/Work/01_ML_projects/03_ML_MMM/00_Data/00_Data_final_for_MMM/01_Raw_Data/population_geo_rosstat_for_MMM.xlsx,,2024-01-01/old_project_reference,old_project_rosstat_reference,,,,,,,,,,,,,,,,old_weather_reference_available,old_weather_features_parquet,old_weather_geo_exact_available,ok_old_project_reference
ШАХТЫ,city,77.0,media_mapping_dwh_store_cnt,219111,219.111,"Росстат 2025, муниципальные образования",/Users/aleksan.korenkov/Work/01_ML_projects/03_ML_MMM/00_Data/00_Data_final_for_MMM_v2/01_Raw_Data_v2/rosstat_chisl_mo_01-01-2025.xlsx,https://rosstat.gov.ru/storage/mediabank/Сhisl_MO_01-01-2025.xlsx,2025-01-01,official_rosstat_municipal_2025,607400000011002,г Шахты,219111.0,0.0,"Шахты, Россия",47.7094622,40.2154859,"Шахты, Ростовская область, Южный федеральный округ, Россия",Nominatim/OpenStreetMap,34635,Sahty,RU,ROS,3974.1,506.0,Meteostat nearest/coverage search,station_observations,nearest_station_with_min_coverage_days,ok_exact_v2_reference
ШУЯ,city,19.0,old_project_population_reference,54000,54.0,Росстат 2024,/Users/aleksan.korenkov/Work/01_ML_projects/03_ML_MMM/00_Data/00_Data_final_for_MMM/01_Raw_Data/population_geo_rosstat_for_MMM.xlsx,,2024-01-01/old_project_reference,old_project_rosstat_reference,,,,,,,,,,,,,,,,old_weather_reference_available,old_weather_features_parquet,old_weather_geo_exact_available,ok_old_project_reference
ЩЕЛКОВО,city,121.0,old_project_population_reference,134000,134.0,Росстат 2024,/Users/aleksan.korenkov/Work/01_ML_projects/03_ML_MMM/00_Data/00_Data_final_for_MMM/01_Raw_Data/population_geo_rosstat_for_MMM.xlsx,,2024-01-01/old_project_reference,old_project_rosstat_reference,,,,,,,,,,,,,,,,old_weather_reference_available,old_weather_features_parquet,old_weather_geo_exact_available,ok_old_project_reference
ЭНГЕЛЬС,city,95.0,old_project_population_reference,225000,225.0,Росстат 2024,/Users/aleksan.korenkov/Work/01_ML_projects/03_ML_MMM/00_Data/00_Data_final_for_MMM/01_Raw_Data/population_geo_rosstat_for_MMM.xlsx,,2024-01-01/old_project_reference,old_project_rosstat_reference,,,,,,,,,,,,,,,,old_weather_reference_available,old_weather_features_parquet,old_weather_geo_exact_available,ok_old_project_reference
ЯКУТСК,city,31.0,media_mapping_dwh_store_cnt,372801,372.801,"Росстат 2025, муниципальные образования",/Users/aleksan.korenkov/Work/01_ML_projects/03_ML_MMM/00_Data/00_Data_final_for_MMM_v2/01_Raw_Data_v2/rosstat_chisl_mo_01-01-2025.xlsx,https://rosstat.gov.ru/storage/mediabank/Сhisl_MO_01-01-2025.xlsx,2025-01-01,official_rosstat_municipal_2025,987010000011102,г Якутск,372801.0,0.0,"Якутск, Россия",62.0274078,129.7319787,"Якутск, городской округ Якутск, Республика Саха (Якутия), Дальневосточный федеральный округ, Россия",Nominatim/OpenStreetMap,24959,Jakutsk,RU,SA,1432.8,516.0,Meteostat nearest/coverage search,station_observations,nearest_station_with_min_coverage_days,ok_exact_v2_reference
ЯРОСЛАВЛЬ,city,260.0,old_project_population_reference,571000,571.0,Росстат 2024,/Users/aleksan.korenkov/Work/01_ML_projects/03_ML_MMM/00_Data/00_Data_final_for_MMM/01_Raw_Data/population_geo_rosstat_for_MMM.xlsx,,2024-01-01/old_project_reference,old_project_rosstat_reference,,,,,,,,,,,,,,,,old_weather_reference_available,old_weather_features_parquet,old_weather_geo_exact_available,ok_old_project_reference
ЯРОСЛАВСКАЯ ОБЛАСТЬ,region,511.0,old_project_population_reference,1216000,1216.0,Росстат 2024,/Users/aleksan.korenkov/Work/01_ML_projects/03_ML_MMM/00_Data/00_Data_final_for_MMM/01_Raw_Data/population_geo_rosstat_for_MMM.xlsx,,2024-01-01/old_project_reference,old_project_rosstat_reference,,,,,,,,,,,,,,,,old_weather_reference_available,old_weather_features_parquet,old_weather_geo_exact_available,ok_old_project_reference
